Name,Symbol,Price (USD),Volume (USD),Market capacity (USD),Change (1h),Change (24h),Change (7d)
Bitcoin,BTC,7171.97,3972000000.0,1.19634914373e+11,-1.53%,9.26%,-3.48%
Ethereum,ETH,333.924,771489000.0,31971220363.5,0.93%,0.69%,9.52%
Bitcoin Cash,BCH,1250.18,1298780000.0,21008243501.5,2.64%,-7.13%,100.50%
Ripple,XRP,0.210987,102709000.0,8148923559.41,-0.39%,1.40%,-0.48%
Litecoin,LTC,63.7252,214702000.0,3430919037.0,-0.21%,2.12%,2.34%
Dash,DASH,420.057,98956900.0,3230336614.56,-0.78%,-1.75%,36.75%
IOTA,MIOTA,0.697704,51186200.0,1939289396.57,1.85%,15.67%,56.17%
NEO,NEO,28.9254,46701600.0,1880151000.0,1.42%,-1.08%,0.50%
Monero,XMR,120.84,54336900.0,1855609543.34,0.18%,-2.01%,15.90%
NEM,XEM,0.195505,7729810.0,1759544999.8,-0.75%,1.36%,5.37%
Ethereum Classic,ETC,17.3484,180187000.0,1690933316.1,0.39%,0.19%,24.27%
Lisk,LSK,8.06643,56667100.0,926916818.868,-0.51%,21.09%,41.99%
Qtum,QTUM,11.6481,43793100.0,858036552.882,-0.10%,0.67%,-1.00%
Hshare,HSR,19.0603,21089300.0,805362906.991,9.16%,26.24%,83.92%
OmiseGO,OMG,7.47616,30718600.0,762886443.79,0.62%,-1.10%,4.77%
EOS,EOS,1.55538,71065800.0,744655629.325,-2.00%,8.29%,40.52%
Zcash,ZEC,279.884,82658100.0,735005121.675,-1.33%,3.22%,13.68%
Cardano,ADA,0.0272298,3772530.0,705988945.336,-1.25%,4.49%,12.16%
Stellar Lumens,XLM,0.0356802,36119900.0,632080911.95,0.74%,11.10%,12.35%
Tether,USDT,1.00387,441927000.0,596316981.885,-0.06%,-0.38%,-0.30%
BitConnect,BCC,260.773,25599000.0,557556665.116,-1.27%,3.33%,-7.88%
Waves,WAVES,4.90986,24119600.0,490986000.0,0.73%,-0.35%,15.96%
Populous,PPT,8.8456,1843560.0,364900867.218,3.03%,-5.49%,69.66%
Stratis,STRAT,3.49772,12685000.0,344955815.324,-2.94%,-1.99%,9.24%
Ark,ARK,3.06573,6988540.0,300384161.797,-1.00%,-0.74%,11.27%
Komodo,KMD,2.29294,2818200.0,231461997.699,-0.06%,6.19%,-16.51%
Steem,STEEM,0.93182,1151880.0,229554462.808,-3.05%,-0.53%,1.94%
BitShares,BTS,0.0871581,3926320.0,226788862.524,-0.64%,5.99%,31.71%
Ardor,ARDR,0.226816,1288830.0,226589069.458,-0.99%,0.42%,6.51%
Bytecoin,BCN,0.00120442,2651410.0,220714222.157,-0.47%,6.82%,-5.07%
Decred,DCR,33.7827,1292270.0,208291651.26,-0.73%,3.42%,13.48%
Augur,REP,18.7253,1213700.0,205978300.0,-0.26%,1.99%,5.34%
SALT,SALT,3.81857,4038700.0,187209076.226,-1.06%,-0.23%,18.76%
MaidSafeCoin,MAID,0.409045,1854620.0,185114301.367,1.76%,1.17%,-3.27%
Vertcoin,VTC,4.36772,9779760.0,180123680.87,5.22%,0.16%,7.61%
Golem,GNT,0.213303,2005880.0,177688224.696,1.40%,2.40%,6.54%
TenX,PAY,1.65434,2099330.0,173145391.585,-0.05%,-0.43%,-6.17%
PIVX,PIVX,3.13995,418977.0,171831377.627,-1.32%,0.12%,6.32%
Veritaseum,VERI,84.496,570990.0,171192735.498,1.11%,8.36%,24.96%
MonaCoin,MONA,3.00014,5258050.0,166045973.131,-0.39%,6.30%,10.70%
Gas,GAS,19.203,881545.0,165088870.821,-0.96%,-4.81%,-7.05%
DigixDAO,DGD,78.4151,221980.0,156830200.0,-0.64%,6.68%,19.84%
Factom,FCT,17.642,3674560.0,154281089.484,1.96%,0.64%,8.16%
Binance Coin,BNB,1.52977,7275670.0,151468646.78,0.93%,-4.53%,-20.95%
Byteball Bytes,GBYTE,234.18,526686.0,151098100.357,-0.65%,-6.37%,28.42%
TRON,TRX,0.00221024,4013550.0,145020902.515,-1.84%,-9.37%,-3.50%
Dogecoin,DOGE,0.00128938,2923460.0,144328171.626,-2.31%,10.17%,8.22%
Basic Attenti...,BAT,0.142943,2885090.0,142943000.0,2.22%,2.07%,-2.78%
Kyber Network,KNC,1.06293,2019530.0,142573667.548,-0.64%,-2.06%,0.85%
BitcoinDark,BTCD,104.549,85479.8,134749252.483,-4.44%,-6.09%,-15.55%
Siacoin,SC,0.00425415,1699360.0,131391030.24,-1.23%,3.62%,13.31%
GameCredits,GAME,2.03346,5469450.0,130864034.078,-8.42%,13.45%,10.77%
Walton,WTC,5.17442,6648490.0,128833630.207,0.93%,-0.84%,-11.37%
Metaverse ETP,ETP,3.27471,4734640.0,119124914.458,2.91%,10.61%,-1.46%
Syscoin,SYS,0.223437,2404790.0,118173043.202,0.63%,0.07%,4.67%
Blocknet,BLOCK,22.7273,197996.0,111041568.358,-1.20%,6.40%,-1.23%
Bytom,BTM,0.111123,583643.0,109678401.0,0.49%,0.39%,-13.86%
Iconomi,ICN,1.09332,583075.0,109100559.706,-0.85%,8.84%,16.11%
Raiden Networ...,RDN,2.15728,5076050.0,107864000.0,-1.33%,1.38%,128.48%
Status,SNT,0.0291398,2707990.0,101129203.486,0.19%,4.02%,-6.29%
0x,ZRX,0.200662,1572870.0,100331000.0,-1.08%,0.52%,-4.56%
Civic,CVC,0.288386,1687160.0,98829882.2,-0.22%,0.99%,-2.61%
Lykke,LKK,0.367727,176960.0,96475232.5032,-0.23%,1.94%,-1.82%
Aeternity,AE,0.399509,578895.0,93093775.7938,-1.28%,-3.25%,-5.70%
Verge,XVG,0.00643167,2445780.0,91782646.7559,0.61%,4.39%,-13.72%
Metal,MTL,4.66435,1832040.0,90026591.3639,-0.45%,0.23%,-12.90%
Bitquence,BQX,1.23733,1853930.0,89540770.4905,-1.44%,3.71%,33.86%
Pura,PURA,0.520415,262376.0,89394549.6843,0.96%,12.46%,27.95%
GXShares,GXS,2.12002,416954.0,85882010.2,-4.33%,4.64%,-20.92%
SingularDTV,SNGLS,0.142261,1523970.0,85356600.0,-1.01%,4.04%,-23.02%
DigiByte,DGB,0.00900199,3375550.0,84705921.005,0.28%,-0.40%,2.41%
Power Ledger,POWR,0.235586,20375800.0,82208152.6146,-2.56%,-5.26%,34.64%
Bancor,BNT,1.97241,2140250.0,80420817.8113,-0.43%,-2.05%,1.06%
ATMChain,ATM,0.0275824,200430.0,80362272.1806,-2.77%,-9.56%,11.31%
ZCoin,XZC,22.4228,6221660.0,77122759.822,-0.83%,-5.46%,44.09%
Storj,STORJ,0.723061,23989500.0,74927951.6971,-2.62%,33.97%,31.59%
VeChain,VEN,0.262825,1558500.0,72845269.1365,0.44%,16.45%,8.90%
Gnosis,GNO,63.1251,563978.0,69727354.209,-3.10%,1.72%,-5.68%
Particl,PART,8.66821,444530.0,67375424.282,1.14%,3.34%,-2.89%
B3Coin,B3,0.000822594,936065.0,66498758.8436,-2.46%,-10.59%,-68.16%
Nxt,NXT,0.0664182,4166540.0,66351777.915,-1.33%,3.06%,8.87%
Open Trading ...,OTN,46.2008,12590300.0,63538192.967,1.28%,-10.99%,35.45%
FunFair,FUN,0.0158609,1020200.0,63443600.0,-1.07%,7.22%,-2.83%
ChainLink,LINK,0.179558,1617320.0,62845300.0,-0.47%,-0.84%,-10.36%
Ripio Credit ...,RCN,0.12518,5871240.0,60730156.5957,1.77%,-4.67%,-5.05%
Monaco,MCO,6.10575,3449300.0,59927174.3438,0.94%,-1.48%,4.44%
AdEx,ADX,0.977004,3831400.0,55932668.2378,-1.02%,0.38%,1.61%
ZenCash,ZEN,22.7025,1042830.0,55749346.9645,0.97%,0.21%,-2.59%
Cryptonex,CNX,1.2232,105255.0,54998357.445,-1.22%,8.73%,-4.97%
Bitdeal,BDL,0.300975,600530.0,52846332.0982,2.93%,14.27%,1.09%
NAV Coin,NAV,0.85014,1233550.0,52738188.1166,-0.60%,2.82%,-1.37%
Nexus,NXS,0.977435,166803.0,52561923.6936,-2.31%,2.28%,-1.49%
FairCoin,FAIR,0.975485,6222.62,51889784.6915,-2.47%,6.09%,3.45%
Edgeless,EDG,0.610174,707485.0,50062511.7341,-2.09%,-1.40%,9.76%
Streamr DATAcoin,DATA,0.0736487,941546.0,49871549.6552,1.79%,0.55%,-4.55%
KuCoin Shares,KCS,0.536745,669807.0,48866915.8277,-0.68%,-1.34%,-23.41%
Zeusshield,ZSC,0.0422182,85165.2,48699623.1759,0.23%,7.15%,-2.48%
Ubiq,UBQ,1.2521,280728.0,48636043.3223,-0.62%,3.65%,2.82%
iExec RLC,RLC,0.595954,1266970.0,47122555.5138,-5.70%,17.28%,6.95%
MobileGo,MGO,0.472723,159500.0,46340509.5493,-1.32%,-1.21%,21.27%
Wings,WINGS,0.515005,1526400.0,46200240.0367,-1.47%,6.53%,32.33%
Kin,KIN,5.92078e-05,58520.5,44766873.1708,-0.16%,8.12%,1.44%
Neblio,NEBL,3.44183,472620.0,43193444.0203,-3.08%,-6.43%,-21.23%
Dentacoin,DCN,0.000131879,206813.0,42663779.7883,86.03%,24.89%,21.89%
Aragon,ANT,1.30484,292209.0,42614984.9499,-1.21%,2.68%,6.40%
I/O Coin,IOC,2.59605,115861.0,42525657.6148,0.01%,8.65%,-1.73%
Melon,MLN,70.8177,508160.0,42448129.38,-0.33%,-0.44%,24.86%
Centra,CTR,0.609942,2711180.0,41476056.0,1.98%,0.79%,59.02%
Counterparty,XCP,14.8845,499359.0,38960282.9531,-3.11%,-1.65%,17.00%
Loopring,LRC,0.135538,496994.0,38787011.8622,-2.39%,-6.48%,-17.19%
NoLimitCoin,NLC2,0.184645,79919.0,37727795.7795,-0.58%,4.05%,-8.86%
Pillar,PLR,0.16381,589600.0,37247904.088,0.72%,10.71%,61.62%
Peercoin,PPC,1.47128,455367.0,35965038.7737,-1.26%,-1.52%,-4.33%
OKCash,OK,0.481395,6395700.0,35239574.3868,2.21%,4.90%,91.41%
Request Network,REQ,0.0549114,1217590.0,34923650.3908,-0.31%,-1.49%,-1.05%
BitBay,BAY,0.0342319,2847950.0,34500445.667,0.18%,29.41%,28.65%
TaaS,TAAS,4.14458,294399.0,33761751.9103,-0.93%,-4.93%,-11.73%
Grid+,GRID,0.855451,35019.9,33564895.4624,-2.94%,-5.93%,6.39%
AirSwap,AST,0.223696,1948940.0,33554400.0,-2.06%,-3.21%,-11.67%
TokenCard,TKN,1.41294,356232.0,33407632.3833,-2.46%,12.17%,22.83%
Quantum Resis...,QRL,0.639047,174005.0,33230444.0,-2.39%,1.48%,0.64%
Bitcore,BTX,27.6063,9156400.0,33006150.3757,-0.74%,73.84%,157.66%
Viacoin,VIA,1.44009,544464.0,32966943.0552,0.12%,0.45%,-4.62%
Groestlcoin,GRS,0.476707,2345870.0,32800303.6951,-1.83%,-5.53%,-26.42%
ReddCoin,RDD,0.00114333,1934590.0,32776913.1576,1.47%,1.90%,3.11%
SONM,SNM,0.0908394,1173860.0,32665848.24,-1.21%,-0.03%,1.73%
Achain,ACT,0.10749,257745.0,32247000.0,-3.66%,1.03%,6.16%
Gulden,NLG,0.0895782,137895.0,31914772.8441,-1.63%,6.54%,-7.73%
CloakCoin,CLOAK,6.10714,406478.0,31290479.9418,-0.55%,11.69%,19.02%
Enigma,ENG,0.406357,786663.0,30410201.9756,-1.80%,3.81%,-5.39%
Amber,AMB,0.200975,325445.0,29059171.2006,-2.42%,-8.58%,-13.30%
Modum,MOD,1.67231,717616.0,29041669.922,2.28%,-1.95%,-20.14%
Substratum,SUB,0.128346,689454.0,29017933.098,-3.87%,5.27%,7.10%
Rise,RISE,0.256297,532642.0,28997237.5424,-0.89%,-1.74%,-2.68%
Target Coin,TGT,0.0300877,1394.62,28656424.8615,-1.22%,-17.99%,209.28%
Cofound.it,CFI,0.0881341,238513.0,28643582.5,-2.18%,1.43%,-10.64%
Emercoin,EMC,0.699009,274373.0,28624175.8153,-2.06%,3.47%,4.46%
LEOcoin,LEO,0.304728,814452.0,28418141.7127,-1.03%,0.81%,-9.82%
FirstBlood,1ST,0.331251,389524.0,28341295.7865,-2.05%,0.97%,-3.31%
ATBCoin,ATB,0.726235,823291.0,28314604.935,1.26%,14.68%,8.42%
DECENT,DCT,0.545488,623334.0,27986855.8764,0.31%,15.23%,20.81%
PotCoin,POT,0.126187,657122.0,27587971.2903,-1.62%,0.52%,6.05%
Everex,EVX,1.65062,1793240.0,27235230.0,-0.66%,-8.40%,-5.41%
Paragon,PRG,0.431822,231608.0,27227232.1236,5.66%,1.38%,25.75%
Skycoin,SKY,4.55889,17795.0,27048797.0302,0.87%,5.37%,12.66%
Decentraland,MANA,0.011608,236822.0,26393755.5852,1.05%,3.96%,-21.72%
Einsteinium,EMC2,0.119827,18626200.0,25880423.7681,14.08%,17.72%,87.55%
ALIS,ALIS,0.676195,2026580.0,25595744.325,11.09%,13.11%,92.90%
XPlay,XPA,0.0253345,9903.57,25334500.0,0.37%,0.59%,10.88%
ICOS,ICOS,42.9731,312988.0,25044172.8654,-1.54%,-15.68%,-9.94%
Elastic,XEL,0.285877,399808.0,25004604.8745,-0.22%,-1.59%,-2.77%
Red Pulse,RPX,0.0454529,809667.0,24696765.0356,-0.69%,-6.52%,8.52%
RChain,RHOC,0.134896,32853.0,24546107.1662,4.91%,-2.07%,2.84%
WeTrust,TRST,0.264441,338844.0,24367577.0475,-1.49%,-0.17%,-3.07%
Moeda Loyalty...,MDA,1.23864,1045450.0,24313125.8323,-1.67%,-7.02%,-18.99%
Viberate,VIB,0.150055,1627300.0,24106556.0955,-2.41%,0.54%,-16.75%
Eidoo,EDO,2.20558,2074180.0,23618239.4887,-0.24%,-0.13%,11.03%
Aeon,AEON,1.60696,95048.1,23543796.5844,-2.87%,0.51%,3.59%
PayPie,PPP,0.280258,89823.1,23121285.0,0.25%,-1.59%,23.01%
Stox,STX,0.518521,632713.0,22906439.6489,0.72%,-6.02%,-33.77%
district0x,DNT,0.0377809,2121560.0,22668540.0,-7.55%,-1.46%,-16.57%
LBRY Credits,LBC,0.200212,1571990.0,22600516.1803,-1.11%,0.68%,32.39%
Diamond,DMD,8.9841,92548.7,22587288.1724,-1.74%,1.92%,-8.08%
Feathercoin,FTC,0.122425,390220.0,22257477.125,5.33%,23.91%,3.25%
Xaurum,XAUR,0.173154,78405.3,22009364.4261,-2.27%,3.12%,-4.24%
Cindicator,CND,0.0150208,168209.0,21719725.168,-0.91%,4.18%,32.15%
Namecoin,NMC,1.45795,159094.0,21484934.38,-1.07%,4.56%,-3.86%
DomRaider,DRT,0.0361977,71630.0,21410939.55,10.39%,-8.04%,10.23%
Crown,CRW,1.29802,78769.4,20771097.642,-1.36%,4.87%,-9.23%
SIBCoin,SIB,1.30419,51660.6,20638365.0402,-2.28%,3.99%,4.89%
Tierion,TNT,0.048391,271820.0,20445858.884,-0.55%,-5.16%,-27.50%
MinexCoin,MNX,6.67588,57159.8,20027640.0,-3.19%,1.46%,38.86%
ION,ION,1.13315,29919.3,19983168.2383,-0.61%,2.72%,2.60%
RaiBlocks,XRB,0.144032,349465.0,19192017.7371,-0.12%,7.56%,37.18%
Safe Exchange...,SAFEX,0.00893428,147484.0,19186220.1977,-3.28%,1.22%,-2.75%
Soarcoin,SOAR,0.0262097,36233.4,18633109.3633,-4.77%,9.88%,40.82%
Revain,R,0.10098,265916.0,18625761.0,-0.71%,22.84%,19.94%
Blackmoon Crypto,BMC,0.617148,548510.0,18544835.0089,-1.11%,-1.68%,29.82%
CoinDash,CDT,0.0331146,252558.0,18381389.3343,-2.36%,2.90%,-22.87%
SolarCoin,SLR,0.482815,960684.0,17978109.0303,0.83%,1.27%,22.70%
Enjin Coin,ENJ,0.0234463,2257040.0,17729917.0349,-1.99%,-10.77%,20.20%
Chronobank,TIME,24.9323,1517160.0,17704745.6327,-0.78%,13.66%,-1.35%
Triggers,TRIG,0.543167,2209490.0,17438690.2195,1.38%,0.16%,-9.70%
BitDice,CSNO,0.243454,67988.5,17041780.0,-4.62%,4.17%,12.86%
MCAP,MCAP,0.44483,1479510.0,17035050.0282,13.36%,97.53%,-72.19%
Rubycoin,RBY,0.681523,52099.5,17026308.0909,-1.89%,1.75%,-11.90%
Etheroll,DICE,2.41555,30457.8,16912769.5893,0.58%,-7.98%,-13.84%
Mercury,MER,0.164366,9483460.0,16436600.0,-2.17%,-11.16%,585.50%
Cobinhood,COB,0.0665196,98299.3,16282258.9916,-4.65%,2.85%,17.69%
BitSend,BSD,0.943804,1130350.0,16200277.6845,-1.55%,41.54%,56.19%
Monetha,MTH,0.073721,525053.0,15987388.2079,-0.55%,-2.48%,-4.92%
ToaCoin,TOA,0.00922119,19186.3,15979489.5398,-1.71%,7.77%,-2.68%
BlackCoin,BLK,0.206653,863560.0,15807029.4025,-2.79%,7.18%,-8.88%
VeriCoin,VRC,0.515429,919661.0,15693759.4909,-3.37%,18.30%,-2.46%
Expanse,EXP,1.97924,2734160.0,15648656.2696,-1.06%,2.29%,6.63%
Agrello,DLT,0.18142,292424.0,15598287.1397,0.68%,5.59%,26.18%
SmartCash,SMART,0.0518156,118410.0,15512953.3517,-2.42%,-15.36%,-26.38%
Santiment Net...,SAN,0.253891,692299.0,15361055.45,-1.05%,-0.61%,14.21%
Humaniq,HMQ,0.0939551,169453.0,15301621.3208,-1.14%,5.60%,3.20%
Peerplays,PPY,3.97778,5275.17,15191233.6702,-5.12%,-10.49%,-18.23%
Aventus,AVT,2.49887,656008.0,14993220.0,1.15%,-4.74%,19.46%
E-coin,ECN,3.31686,6853.67,14925212.4442,-0.60%,-4.34%,-11.18%
GridCoin,GRC,0.0378901,58991.0,14788989.2482,-1.60%,1.96%,-8.13%
Agoras Tokens,AGRS,0.351772,23601.1,14774424.0,-2.06%,6.39%,-8.28%
Maecenas,ART,0.489873,51965.5,14769744.5033,0.26%,0.90%,56.04%
Matchpool,GUP,0.195945,517701.0,14695875.0,-1.38%,9.44%,13.68%
DigitalNote,XDN,0.00212996,4379210.0,14666256.5371,-0.75%,2.24%,-5.20%
Rialto,XRL,0.171899,46109.3,14611414.99,-2.08%,-2.01%,-6.99%
Numeraire,NMR,11.6665,152690.0,14566701.6405,-2.65%,1.25%,6.72%
DubaiCoin,DBIX,9.5818,188043.0,14380848.7843,1.30%,8.39%,-4.80%
Mothership,MSP,0.101944,49997.4,14272160.0,-0.82%,2.49%,0.14%
Golos,GOLOS,0.112861,31761.5,14053326.6077,-1.62%,4.55%,-5.03%
BlockMason Cr...,BCPT,0.306652,1756210.0,13850305.5624,-0.65%,-22.30%,132.50%
Clams,CLAM,5.08583,561267.0,13805045.8277,0.26%,9.98%,3.25%
Omni,OMNI,24.0966,120447.0,13496841.3367,-0.45%,-0.91%,3.72%
Energycoin,ENRG,0.109758,12832.5,13323270.5222,-1.07%,7.20%,-10.41%
MonetaryUnit,MUE,0.103345,72775.6,13275021.7902,-2.56%,9.66%,1.62%
SaluS,SLS,12.9729,45964.8,13035314.4729,-1.56%,-0.49%,-10.65%
Shift,SHIFT,1.1327,304797.0,12916846.5063,-1.66%,6.57%,10.66%
Radium,RADS,3.78457,228917.0,12824021.8253,-0.68%,-4.66%,13.97%
Synereo,AMP,0.154904,278692.0,12741833.6129,-1.18%,-2.63%,1.82%
Vcash,XVC,0.829045,278194.0,12646623.3876,0.58%,6.15%,-2.44%
Po.et,POE,0.00578194,13648.2,12468112.9537,0.07%,-2.11%,-16.96%
Primas,PST,0.242159,80962.2,12398540.8,-2.60%,0.07%,-10.65%
The ChampCoin,TCC,0.0743281,295532.0,12258615.929,-1.66%,-8.57%,-32.71%
adToken,ADT,0.0203309,58098.0,12198540.0,3.04%,5.84%,2.29%
InvestFeed,IFT,0.0607659,111543.0,11629454.3247,1.04%,12.29%,19.34%
Nebulas Token,NAS,2.31698,4630160.0,11584900.0,-5.02%,-1.09%,16.10%
Polybius,PLBT,3.02949,16191.9,11575540.7411,-2.80%,1.69%,-1.10%
Asch,XAS,0.559018,574468.0,11365171.9098,-1.46%,1.83%,-9.29%
Nexium,NXC,0.170723,151704.0,11356764.7267,-1.78%,2.82%,-8.35%
PRIZM,PZM,1.11397,14962.5,11342702.2955,-0.54%,11.69%,12.38%
Nimiq,NET,1.0715,125030.0,11250750.0,-0.45%,8.35%,35.43%
DAO.Casino,BET,0.0670816,19836.9,11220794.2851,0.31%,15.52%,31.77%
bitqy,BQ,0.00471531,188338.0,11179577.8434,-1.30%,-32.70%,-63.87%
Compcoin,CMP,2.5779,15201.5,11141199.1548,8.62%,15.11%,25.05%
Mysterium,MYST,0.570229,189091.0,11078993.05,-0.79%,1.50%,-3.31%
KickCoin,KICK,0.0343283,252774.0,11024114.1304,-0.12%,1.77%,19.28%
XP,XP,6.69963e-05,10355.8,11019332.0049,17.31%,2246.26%,570.19%
Bitcloud,BTDX,0.728422,52656.6,10888070.8724,-1.31%,6.06%,29.76%
Credo,CREDO,0.0196754,3424.77,10819339.2111,0.37%,-3.82%,-16.85%
Burst,BURST,0.00600343,132478.0,10808214.0736,-1.39%,2.16%,-0.64%
LoMoCoin,LMC,0.0487414,493831.0,10709645.3704,2.09%,16.68%,7.42%
Lunyr,LUN,4.65179,255492.0,10689129.9722,-2.16%,-3.70%,-7.47%
WhiteCoin,XWC,0.0426672,119681.0,10602086.8793,-3.43%,0.83%,-13.51%
TransferCoin,TX,1.68622,232886.0,10459607.484,-3.09%,3.23%,-18.47%
FlorinCoin,FLO,0.0747538,154190.0,10449103.2034,-3.49%,3.12%,-15.43%
Waves Communi...,WCT,1.04119,23465.8,10385791.1196,-0.81%,-10.56%,-21.83%
Patientory,PTOY,0.145212,328248.0,10164840.0,0.98%,-2.92%,-14.87%
OracleChain,OCT,0.330839,21088.4,9925170.0,-0.01%,24.26%,49.30%
NeosCoin,NEOS,2.61181,162373.0,9321363.79775,-1.20%,1.17%,5.55%
Abjcoin,ABJ,1.12739,89572.7,9318089.21607,-1.23%,41.42%,
Farad,FRD,0.0580163,9983.12,9282608.0,-21.46%,-10.33%,-20.44%
OAX,OAX,0.369994,247669.0,9253272.2891,-2.11%,-5.16%,-21.63%
Pascal Coin,PASC,0.609062,1888330.0,9222294.9916,2.51%,-14.83%,97.58%
Dimecoin,DIME,1.71389e-05,1315.98,9209718.1051,29.98%,71.26%,17.51%
OBITS,OBITS,0.583097,13510.5,9207043.28829,1.96%,14.48%,11.04%
BlockCAT,CAT,1.24835,209873.0,9188007.18997,-4.44%,51.51%,93.39%
Mooncoin,MOON,4.08311e-05,11449.4,9095329.30646,0.06%,-4.70%,95.23%
Centurion,CNT,0.123222,33986.4,9052157.59529,-1.90%,13.87%,-19.99%
Wagerr,WGR,0.0491545,21180.8,8995273.5,-1.46%,-0.24%,2.26%
Databits,DTB,0.392734,20414.9,8933837.82344,2.80%,3.51%,-26.39%
Unobtanium,UNO,44.7793,79673.2,8859219.33378,-0.42%,10.78%,-17.58%
Novacoin,NVC,4.61496,106237.0,8762547.2541,-3.10%,3.65%,-12.26%
Quantum,QAU,0.110668,28128.2,8685330.34912,-0.42%,22.71%,-3.63%
Swarm City,SWT,1.11569,40240.2,8608599.68123,-3.17%,-2.70%,-16.08%
Sphere,SPHR,2.78938,5226.85,8599491.94716,-2.26%,3.97%,-7.74%
Rivetz,RVT,0.327334,31949.0,8590706.74723,-3.18%,-3.19%,6.28%
Voxels,VOX,0.0408032,129871.0,8568672.0,-2.58%,2.01%,5.28%
Gambit,GAM,7.0546,9302.25,8448458.40129,-1.00%,9.47%,-3.01%
iXledger,IXT,0.228892,85305.5,8189491.12221,-0.90%,-1.98%,-2.37%
Spectrecoin,XSPEC,0.392431,26717.7,8156781.97257,-3.54%,-8.43%,-23.25%
Change,CAG,0.255841,205477.0,8103417.34974,-0.57%,-6.61%,-10.34%
Bitcoin Plus,XBC,78.3834,773876.0,8062838.05616,-1.87%,-16.97%,53.09%
Decision Token,HST,0.258833,385931.0,7988353.0588,-3.39%,-30.77%,
HTMLCOIN,HTML5,0.000195105,49711.7,7932778.0971,-12.47%,17.63%,39.19%
Hive,HVN,0.0205972,102905.0,7723950.0,-1.00%,-0.19%,-15.48%
EncryptoTel [...,ETT,0.123546,2243.07,7676059.95032,-1.28%,9.65%,-14.01%
Confido,CFD,0.849411,927468.0,7644699.0,-2.33%,-22.00%,52.17%
PinkCoin,PINK,0.020189,122996.0,7446402.74885,-1.16%,5.82%,-11.34%
Incent,INCNT,0.161486,79127.9,7431040.70475,-0.89%,5.73%,-0.78%
XTRABYTES,XBY,0.016924,31021.2,7277320.0,0.06%,3.71%,1.20%
Lampix,PIX,0.0640968,41436.7,7263578.65925,-0.55%,-7.38%,-6.47%
E-Dinar Coin,EDR,0.00812652,659984.0,7201819.44211,0.09%,-5.17%,-9.41%
Masternodecoin,MTNC,0.147998,27300.3,7151378.91891,-8.93%,15.45%,42.69%
Blocktix,TIX,0.178422,454060.0,7136880.0,-3.59%,6.28%,-0.87%
CVCoin,CVCOIN,0.723238,16819.6,7114516.07285,3.72%,16.89%,21.08%
Bitcrystals,BCY,0.306305,115670.0,7114236.65688,-1.86%,4.63%,-3.54%
bitCNY,BITCNY,0.143729,964190.0,6995276.0571,-0.45%,-0.97%,-3.05%
Credence Coin,CRDNC,2.08229,193089.0,6916141.14462,6.02%,-13.16%,-63.36%
BitBean,BITB,0.00300259,1212770.0,6662654.12971,-1.51%,-19.98%,12.68%
Kore,KORE,3.21605,129455.0,6502877.9041,-4.29%,-1.46%,-11.42%
Stealthcoin,XST,0.232609,196579.0,6368961.25403,-1.17%,-6.81%,1.62%
Dynamic,DYN,3.4201,9944.97,6354090.07477,0.38%,5.42%,4.22%
Aeron,ARN,0.542396,942958.0,6203822.77588,0.18%,16.22%,18.00%
Obsidian,ODN,0.251116,86797.0,6127230.4,-2.89%,4.84%,-2.06%
DCORP,DRP,0.756631,49449.8,6124173.18288,-0.91%,0.66%,
NVO,NVST,0.40787,11448.5,6118050.0,-2.05%,-3.40%,-44.46%
Curecoin,CURE,0.255946,70097.1,6091535.49201,-2.61%,7.83%,-19.09%
GoldCoin,GLD,0.149171,28137.3,6060186.43833,-1.51%,3.14%,-6.00%
CasinoCoin,CSC,0.156944,2478.42,6058224.69253,-1.78%,1.51%,-11.24%
Musicoin,MUSIC,0.0135075,116804.0,6013910.56431,-1.09%,4.57%,-4.21%
AirToken,AIR,0.00572306,16796.7,6009213.0,3.71%,7.04%,-5.94%
XCurrency,XC,1.01465,1529.44,5949000.82182,5.59%,8.97%,5.36%
COSS,COSS,0.0710423,104939.0,5896510.9,3.38%,2.66%,-13.49%
Sequence,SEQ,0.130074,31622.7,5872209.9406,-0.21%,1.77%,0.77%
VIBE,VIBE,0.0343221,60724.8,5858936.84466,-0.55%,-2.05%,11.88%
PoSW Coin,POSW,0.132709,87233.2,5852466.9,-1.28%,3.79%,25.66%
MyBit Token,MYB,2.23037,10135.8,5835391.90303,-0.54%,4.01%,21.37%
LAToken,LA,0.143721,38715.2,5795263.32021,3.43%,8.41%,11.47%
Project Decorum,PDC,0.11478,28553.1,5739000.0,6.56%,7.67%,-1.19%
Auroracoin,AUR,0.661215,33256.9,5724891.46879,-0.52%,11.14%,4.96%
Dovu,DOVU,0.17007,25629.0,5675835.13924,0.63%,6.45%,-19.76%
Pluton,PLU,6.62345,111830.0,5629929.18828,-0.36%,9.54%,-19.58%
Rupee,RUP,0.252513,289388.0,5587494.03315,0.66%,-25.17%,-3.56%
Royal Kingdom...,RKC,2.00829,37904.4,5422383.0,0.09%,16.66%,72.06%
Qwark,QWARK,0.13366,55135.5,5392431.64669,0.15%,5.98%,-10.46%
Tao,XTO,0.16438,2210.26,5362156.52199,-1.25%,8.93%,-6.81%
Global Curren...,GCR,0.0514591,51667.1,5320296.1818,0.71%,13.36%,7.84%
FoldingCoin,FLDC,0.0100433,69293.3,5269546.13251,-1.73%,1.30%,-2.87%
ZrCoin,ZRC,1.44463,33354.1,5259192.85056,-0.98%,0.73%,-2.90%
APX,APX,7.19132,58314.1,5056785.20628,0.44%,-2.62%,23.19%
Creditbit,CRB,0.304451,57589.1,5024746.45497,-1.29%,2.56%,-8.62%
ExclusiveCoin,EXCL,1.14791,28071.9,4967651.69542,-3.79%,4.24%,-11.71%
Autonio,NIO,0.0743062,187413.0,4891438.56494,2.13%,-42.16%,118.31%
TheGCCcoin,GCC,0.00910919,11768.3,4530922.48384,-1.63%,12.96%,6.33%
Circuits of V...,COVAL,0.00450257,69306.8,4502570.0,0.34%,7.71%,-8.83%
Myriad,XMY,0.00293643,251508.0,4490502.54266,-3.49%,8.25%,4.47%
ArtByte,ABY,0.00566017,22512.9,4485895.56633,-2.61%,3.61%,-5.13%
Pesetacoin,PTC,0.034068,29922.9,4479272.71418,-2.38%,8.81%,-2.78%
Synergy,SNRG,1.39366,13731.8,4448622.5577,-1.26%,4.97%,-5.37%
EquiTrader,EQT,0.450606,41357.8,4378009.57068,-0.90%,-6.91%,-12.16%
Neutron,NTRN,0.13213,23039.1,4241323.26515,-1.91%,-3.89%,13.37%
Prospectors Gold,PGL,0.0654659,2966.27,4222550.55,-1.25%,-32.30%,9.88%
NuShares,NSR,0.00150086,5129.53,4168789.87065,-1.15%,3.99%,-20.74%
Bitswift,SWIFT,1.02201,34054.1,4158597.52316,-1.25%,5.30%,-5.09%
Voise,VOISE,0.0064256,197328.0,4131737.9072,-1.92%,4.09%,-21.60%
Bela,BELA,0.106801,58998.3,4115758.0967,-3.73%,-2.85%,-2.87%
Propy,PRO,0.292675,44180.8,4114194.5221,0.26%,-3.03%,-7.39%
EuropeCoin,ERC,0.409591,57317.5,4074041.20489,-2.76%,0.50%,-18.57%
Internet of P...,IOP,2.21677,361485.0,4025891.51439,-1.75%,4.69%,-3.08%
Hedge,HDG,1.08494,64989.4,4024774.07844,0.28%,-1.34%,11.37%
EarthCoin,EAC,0.000348721,34966.6,4010328.32348,-6.77%,7.65%,173.32%
HempCoin,THC,0.0173671,171124.0,3967417.35226,-0.51%,14.92%,7.57%
Yocoin,YOC,0.0361962,26998.3,3939442.38418,-1.08%,-11.11%,-6.78%
ChainCoin,CHC,0.244849,80478.8,3921454.84369,8.21%,9.92%,88.03%
bitUSD,BITUSD,0.956622,298512.0,3914009.34678,-0.12%,-1.40%,-3.68%
XGOX,XGOX,0.0160106,117001.0,3910275.90502,-3.54%,8.18%,-12.60%
Syndicate,SYNX,0.23636,77842.0,3832452.1292,1.46%,8.39%,-3.26%
SunContract,SNC,0.0355242,240586.0,3826383.02665,6.55%,9.11%,11.06%
VeriumReserve,VRM,2.72952,49227.3,3729973.12374,-0.87%,6.87%,-11.61%
Hush,HUSH,1.64514,27289.5,3689226.45,-2.43%,5.27%,-13.07%
Dent,DENT,0.000344103,14454.5,3652571.09103,0.37%,-30.51%,-29.65%
Primalbase Token,PBT,3613.98,34004.3,3613980.0,-3.41%,45.87%,39.61%
TrueFlip,TFL,0.573406,1478.41,3582220.3814,-15.57%,-9.48%,-30.92%
Blitzcash,BLITZ,0.87257,32237.3,3580704.3503,-2.22%,-2.66%,-5.64%
EverGreenCoin,EGC,0.267093,625536.0,3558026.13248,0.95%,27.02%,15.92%
Bitmark,BTM,0.497857,15645.5,3546315.06812,1.97%,8.06%,4.03%
Hubii Network,HBT,0.158591,14045.5,3530433.67054,-6.75%,-36.16%,21.68%
Mintcoin,MINT,0.000137196,799.745,3422664.39381,-1.46%,80.01%,33.68%
ZClassic,ZCL,1.87241,94529.9,3388687.618,-0.34%,0.22%,6.78%
AudioCoin,ADC,0.00405999,5845.02,3387909.76652,-1.10%,-11.87%,-26.99%
NewYorkCoin,NYC,2.59439e-05,3336.18,3347613.58668,-8.75%,3.69%,101.52%
Zeitcoin,ZEIT,9.0433e-05,7514.56,3343412.35697,-5.84%,-12.66%,-28.02%
TrustPlus,TRUST,0.103059,40307.1,3306812.42129,2.57%,4.25%,-9.04%
CarTaxi Token,CTX,0.0537062,4025.23,3304933.81539,-1.99%,-18.42%,-31.61%
Terracoin,TRC,0.152818,4345.38,3267302.3263,-1.97%,2.68%,-15.54%
Steem Dollars,SBD,0.992484,171343.0,3267020.39428,-0.44%,-0.10%,0.46%
GeoCoin,GEO,0.983648,28384.2,3243781.91149,0.45%,8.47%,-4.60%
PiplCoin,PIPL,0.0386175,1378.76,3222408.63608,-0.30%,10.32%,12.68%
Memetic,MEME,0.192974,565282.0,3176119.72367,-3.32%,5.02%,-8.25%
Primecoin,XPM,0.148318,666848.0,3162624.134,-0.09%,1.67%,4.66%
DeepOnion,ONION,0.820718,36370.6,3081945.65084,1.81%,23.98%,22.06%
DNotes,NOTE,0.0238862,34626.8,3080861.78958,11.72%,24.43%,-4.65%
Breakout Stake,BRX,0.490149,16635.7,3072294.36636,-1.68%,2.99%,-4.80%
ProCurrency,PROC,0.0318766,27988.3,3049791.2725,-1.28%,-35.13%,16.39%
Tracto,TRCT,0.859384,16251.5,2995238.67979,-1.01%,-0.23%,-10.02%
vSlice,VSL,0.0892111,122038.0,2978802.88068,-0.82%,4.45%,-51.65%
eBitcoin,EBTC,0.155526,36377.4,2938994.41828,4.46%,9.24%,66.16%
Visio,VISIO,0.0570928,9641.99,2901703.7472,-1.25%,54.31%,38.57%
2GIVE,2GIVE,0.00557916,17315.8,2882284.06636,-0.63%,6.02%,-14.95%
BridgeCoin,BCO,0.108381,9003.57,2864639.8872,-0.02%,12.58%,-12.17%
Karbowanec,KRB,0.601066,57494.0,2858651.42114,-1.59%,8.97%,28.88%
Sexcoin,SXC,0.0227339,28385.3,2845425.39174,3.62%,0.05%,4.24%
Remicoin,RMC,1.42176,10057.1,2813981.43427,0.35%,25.62%,6.77%
FIMKrypto,FIMK,0.00478845,2614.95,2762957.76306,19.74%,11.50%,24.36%
VIVO,VIVO,4.20354,123218.0,2738287.63307,-7.30%,-5.60%,-20.56%
Breakout,BRK,0.150445,12154.7,2729385.66539,-1.04%,4.56%,-1.52%
Janus,JNS,0.118339,1505.71,2714168.59523,-1.52%,33.57%,8.96%
ParkByte,PKB,0.566036,127516.0,2696610.41043,0.54%,-1.15%,13.18%
REAL,REAL,0.266191,64345.8,2676767.98305,-8.00%,-15.94%,-12.34%
Social,SCL,0.159986,11531.8,2674009.15001,-0.06%,-6.65%,-22.53%
FLiK,FLIK,0.04441,25457.4,2670092.72508,-8.81%,-1.94%,-16.14%
Quark,QRK,0.0105869,12735.8,2666126.30695,-1.19%,44.60%,31.18%
BlueCoin,BLU,0.00458152,916.795,2632924.75073,0.48%,5.57%,-22.71%
Innova,INN,4.25402,129158.0,2624409.78368,-1.20%,4.66%,15.42%
ATLANT,ATL,0.197207,14536.3,2586374.02172,-0.60%,6.55%,7.94%
Condensate,RAIN,0.0327608,12484.8,2549864.98517,-3.18%,-3.58%,18.49%
Altcoin,ALT,20.8127,12894.7,2542797.21037,-1.25%,65.48%,117.53%
SpreadCoin,SPR,0.279424,101334.0,2541056.32635,1.41%,13.58%,-11.73%
Opus,OPT,0.0179702,5930.36,2517275.4798,4.39%,10.10%,-5.74%
Riecoin,RIC,0.0644654,133948.0,2510990.18376,-0.58%,-2.22%,-37.16%
Ixcoin,IXC,0.114392,1168.71,2402127.67438,-1.19%,8.59%,18.95%
e-Gulden,EFL,0.154499,73016.6,2399597.91995,1.24%,15.26%,24.83%
ClearPoll,POLL,0.339571,16980.4,2376993.94386,-8.16%,6.98%,17.13%
PutinCoin,PUT,0.0117842,6265.17,2365622.35636,-0.13%,18.35%,11.70%
CHIPS,CHIPS,0.125143,11873.7,2362353.24861,-12.13%,23.15%,22.07%
Embers,MBRS,0.0470574,12628.4,2352870.0,0.37%,-12.13%,3.63%
DopeCoin,DOPE,0.0210867,35171.1,2342429.73718,-1.81%,6.58%,-3.16%
NEVERDIE,NDC,0.0569204,3616.99,2333975.46568,-0.02%,-5.39%,-9.75%
Crave,CRAVE,1.59008,3290.57,2271941.28576,-4.52%,6.76%,-6.56%
Creativecoin,CREA,0.176436,3124.05,2247319.0437,0.03%,-3.36%,0.43%
HunterCoin,HUC,0.111564,98740.5,2239773.36732,-2.19%,6.91%,11.45%
Oceanlab,OCL,0.0473755,32233.4,2202960.75,10.32%,16.39%,27.19%
Starta,STA,0.4267,2143.66,2162905.6038,10.69%,9.11%,-0.63%
Onix,ONX,0.076753,42964.6,2105550.77294,-0.88%,10.28%,4.15%
vTorrent,VTR,0.194397,15976.4,2102591.30803,-0.47%,6.75%,-5.22%
Indorse Token,IND,0.0451111,101439.0,2098035.68502,-1.85%,-3.29%,-12.88%
Kolion,KLN,3.4217,409165.0,2053020.0,-0.71%,1.94%,17.87%
Bismuth,BIS,0.41351,49854.4,2020643.49315,-3.25%,4.82%,-6.29%
Bowhead,AHT,0.250091,6533.03,2000728.0,-1.22%,204.66%,69.39%
AdShares,ADST,0.161657,1587.59,1943379.50931,-4.33%,-7.81%,17.37%
Intelligent T...,ITT,0.197741,4226.92,1937446.37468,0.37%,9.90%,77.13%
CannabisCoin,CANN,0.0250219,53935.2,1932470.75106,-4.13%,6.86%,-6.99%
Woodcoin,LOG,0.239422,1865.56,1923801.99128,-1.40%,6.81%,53.10%
Tokes,TKS,1.65251,50673.9,1872305.39757,-0.89%,8.84%,-3.26%
Magi,XMG,0.245083,21197.2,1858029.43701,-1.19%,2.89%,0.30%
HelloGold,HGT,0.00706356,6096.44,1857961.06097,0.26%,-14.04%,-18.23%
Startcoin,START,0.0411928,93136.2,1856962.56755,-2.56%,-5.75%,-5.25%
Zennies,ZENI,0.00178741,5948.8,1788862.87039,-0.60%,-2.60%,8.03%
ArcticCoin,ARC,0.0726521,78960.4,1783273.28298,13.06%,6.47%,-6.00%
Espers,ESP,8.39161e-05,2916.81,1743181.88933,13.65%,2.38%,-2.08%
Darcrus,DAR,0.127281,5701.64,1731070.99394,-2.26%,5.35%,41.64%
Legends Room,LGD,0.858385,60516.4,1716770.0,-1.78%,2.78%,-6.49%
Renos,RNS,0.0508145,9105.41,1694972.36492,-1.25%,15.49%,65.98%
LuckChain,BASH,0.00235866,2866.92,1686354.97424,-1.25%,8.94%,-2.49%
Megacoin,MEC,0.0462064,17051.8,1674080.97502,-2.32%,8.16%,87.44%
Unity Ingot,UNY,0.00827424,4799.16,1671396.48,4.06%,-7.68%,-35.81%
Zoin,ZOI,0.105705,17975.8,1602905.33475,-2.87%,1.52%,-20.91%
FlypMe,FYP,0.0907596,2818.59,1600879.63209,-4.63%,-3.23%,-11.79%
WorldCoin,WDC,0.0136238,2950.73,1595926.83209,-5.36%,-12.60%,81.05%
Dotcoin,DOT,0.00598437,59235.1,1583364.0638,-0.03%,10.50%,-1.35%
Adelphoi,ADL,0.0666023,1522.82,1563304.10452,-2.58%,-5.77%,-21.70%
CryptoInsight,TKR,0.124365,20896.1,1558261.97921,2.80%,8.08%,-4.36%
FundYourselfNow,FYN,1.8124,21938.1,1540540.0,4.51%,24.93%,8.74%
Elixir,ELIX,0.0647718,26704.0,1534143.64921,0.53%,14.95%,-2.90%
SuperCoin,SUPER,0.0336735,32427.8,1530788.45888,-6.06%,4.20%,71.68%
CryptoPing,PING,0.150333,1771.24,1496127.39564,-1.53%,-8.27%,-21.96%
Pirl,PIRL,0.42769,36250.2,1480216.27164,-1.67%,2.39%,-27.95%
REX,REX,0.170429,877.825,1476043.98432,5.92%,25.58%,21.90%
Zephyr,ZEPH,0.0116689,7981.85,1470170.95831,-0.57%,0.43%,-26.99%
DraftCoin,DFT,0.647876,173075.0,1424952.11581,-0.54%,11.69%,5.73%
Unitus,UIS,0.030329,44251.4,1418968.53831,8.37%,52.73%,149.73%
Internxt,INXT,2.20823,14151.2,1390322.68114,1.55%,1.91%,-9.74%
LIFE,LIFE,0.00021917,26317.5,1369626.39137,-1.44%,-3.39%,25.29%
BitcoinZ,BTCZ,0.00283035,61044.0,1354251.89935,-7.53%,-38.38%,-55.19%
Cryptonite,XCN,0.00345003,13082.9,1271935.68484,-7.46%,-22.54%,184.11%
Greencoin,GRE,0.000359211,30653.7,1269517.99904,-38.18%,121.57%,-91.12%
TrezarCoin,TZC,0.0161167,2608.51,1260722.41082,-1.54%,8.34%,13.17%
eBoost,EBST,0.104703,191346.0,1256436.0,-1.52%,8.25%,-5.49%
Mao Zedong,MAO,0.197613,3600.24,1229677.72151,-16.12%,-6.74%,-25.65%
Miners' Rewar...,MRT,0.122167,25603.2,1221670.0,-3.01%,-0.39%,44.40%
Adzcoin,ADZ,0.0274274,1099.85,1203342.06996,-0.89%,6.78%,-10.90%
Giga Watt Token,WTT,1.31162,39152.0,1180458.0,-0.44%,-11.19%,-13.73%
HyperStake,HYP,0.00112182,5194.5,1179561.24183,-3.00%,-3.26%,0.37%
Growers Inter...,GRWI,1.07502,3068.05,1175085.97916,-1.22%,-4.43%,12.72%
Influxcoin,INFX,0.658369,20283.6,1101703.77534,-1.25%,6.07%,-4.44%
Bitzeny,ZNY,0.0142939,8535.75,1080826.10155,1.80%,9.59%,-22.11%
SkinCoin,SKIN,0.0122282,36725.1,1078325.26682,-0.56%,2.65%,-12.05%
Bytecent,BYC,0.564036,38626.7,1051355.39483,-1.27%,-0.05%,-19.72%
LiteDoge,LDOGE,6.75655e-05,20097.3,1005632.70713,-1.20%,9.64%,24.73%
Machinecoin,MAC,0.0496724,11801.0,1001769.36881,-4.08%,67.39%,55.01%
Signatum,SIGT,0.00915918,15412.2,988941.995742,0.32%,21.86%,40.94%
Fastcoin,FST,0.00761607,1102.05,959624.82,-3.80%,10.81%,-2.74%
CryptoCarbon,CCRB,0.267286,60247.4,952102.400746,-1.45%,9.76%,-21.42%
NuBits,USNBT,0.990708,132417.0,951994.103484,-0.86%,-1.34%,-0.90%
UltraCoin,UTC,0.0211555,1112.0,940591.686435,-1.20%,14.81%,6.05%
Moin,MOIN,0.12913,1686.95,936918.027335,-0.89%,5.05%,40.42%
HiCoin,XHI,0.00493289,142015.0,935917.170786,-3.79%,8.68%,17.86%
InsaneCoin,INSN,0.0527223,2911.28,929360.031608,-2.21%,8.87%,68.16%
FedoraCoin,TIPS,2.07683e-06,631.098,920384.976374,-1.26%,-68.91%,-84.57%
Gimli,GIM,0.0114473,898.553,915784.0,0.35%,59.86%,-39.32%
Helleniccoin,HNC,0.0142951,6805.73,911689.730216,17.07%,-17.36%,-42.86%
Bitradio,BRO,0.153177,1732.11,894830.576909,2.78%,10.67%,-11.25%
KekCoin,KEK,0.0857698,1329.21,887913.199568,-2.56%,10.96%,20.88%
Ethbits,ETBS,0.631808,1251.6,879226.293749,1.32%,2.57%,-44.37%
Pure,PURE,0.332333,45203.3,875730.968124,5.65%,-6.15%,-31.71%
MonacoCoin,XMCC,0.344555,15643.1,858951.956292,-4.52%,-2.82%,-28.78%
BriaCoin,BRIA,1.62026,1355.98,847888.493827,-1.09%,17.81%,-4.11%
Netko,NETKO,0.197039,2403.64,830059.298935,-7.23%,-4.19%,5.85%
Linda,LINDA,0.000133549,6613.64,801752.028436,-5.41%,3.60%,-18.66%
Torcoin,TOR,2.50399,3648.33,791707.80223,-10.98%,1987.30%,100.52%
Linx,LINX,0.0710033,27092.5,786091.73496,-1.18%,-12.28%,-3.22%
BitBar,BTB,22.2141,708.463,779336.269066,38.97%,55.34%,35.03%
Sumokoin,SUMO,0.356023,3457.55,779206.071913,-1.23%,2.66%,4.50%
Sovereign Hero,HERO,162.903,6092.43,777536.019,-0.57%,-5.62%,-4.04%
Ethereum Blue,BLUE,0.0227806,26933.9,763371.322407,12.40%,-26.75%,60.29%
Billionaire T...,XBL,0.22709,73224.0,752887.82748,2.18%,9.95%,42.71%
FuckToken,FUCK,0.0145427,2033.67,747391.250394,10.92%,38.00%,24.81%
Capricoin,CPC,0.365206,87919.5,726776.37427,-6.19%,9.25%,1.63%
Happycoin,HPC,0.0573547,26052.1,720714.67264,-10.50%,-6.12%,-16.85%
Fantomcoin,FCN,0.114351,929.222,707853.165272,0.60%,7.49%,15.71%
Xios,XIOS,0.343148,66948.8,703029.327404,-1.72%,-18.18%,-60.42%
Zetacoin,ZET,0.00418707,918.057,699170.95751,-0.61%,1.33%,-10.46%
RouletteToken,RLT,0.0684677,18198.3,693313.68832,-1.50%,6.70%,-8.02%
Monster Byte,MBI,0.04101,637.287,689900.40336,-0.61%,-4.24%,17.47%
Ethereum Gold,ETG,0.0546096,16829.9,655315.2,-0.77%,7.70%,2.32%
UnbreakableCoin,UNB,0.286592,27332.7,652899.5648,-1.35%,4.35%,-5.32%
Minereum,MNE,0.456736,5146.31,649746.486883,-3.56%,5.91%,-30.18%
Elementrem,ELE,0.0250143,1791.87,643371.584103,-1.25%,40.96%,162.21%
EthBet,EBET,0.0749601,5850.23,637348.25025,0.40%,2.31%,12.34%
Bata,BTA,0.125255,2799.18,624137.290529,-1.43%,11.40%,-21.10%
NautilusCoin,NAUT,0.038522,108569.0,623285.96,3.30%,-2.40%,-44.40%
AllSafe,ASAFE2,0.0761958,6531.89,611852.274701,-0.46%,470.35%,1383.04%
ColossusCoinXT,COLX,0.000121524,4690.04,576182.982546,-1.32%,13.62%,60.80%
SACoin,SAC,0.0814751,4448.54,571281.237711,5.20%,23.47%,-4.35%
NetCoin,NET,0.00071456,1686.75,562449.263007,-10.21%,-6.67%,-11.82%
SHIELD,XSH,0.00120632,3919.05,550498.168823,1.99%,14.67%,44.55%
Unify,UNIFY,0.0303939,11184.1,539912.733704,-1.63%,24.96%,-43.40%
Footy Cash,XFT,0.115198,2582.18,523309.033016,-2.63%,2.39%,4.75%
Zero,ZER,0.267958,4864.72,518863.15288,-0.09%,-0.97%,13.94%
Bitstar,BITS,0.0224471,681.027,518073.158256,-5.31%,-0.61%,-8.33%
Solaris,XLR,0.894063,4020.15,500421.889467,-0.87%,12.99%,-13.74%
42-coin,42,11843.6,770.545,497431.193486,3.63%,23.26%,-5.03%
Infinitecoin,IFC,5.4474e-06,2173.61,493514.147945,0.93%,-52.65%,-58.41%
DigitalDevelo...,DDF,0.0963723,4400.08,493263.017696,15.21%,-2.59%,-14.26%
WhaleCoin,WHL,0.151565,89255.2,493011.84452,-4.56%,-11.21%,-36.94%
LUXCoin,LUX,1.42917,558152.0,482738.736845,3.95%,27.31%,-17.74%
FuturXe,FXE,2.04866,5239.06,482297.790726,19.18%,18.36%,2.27%
InflationCoin,IFLT,1.45642e-05,720.427,475492.875119,-2.14%,-53.87%,-50.45%
SmileyCoin,SMLY,1.82762e-05,2051.91,474454.72105,-2.51%,-13.88%,-36.12%
Fujinto,NTO,0.00677983,317640.0,446129.411256,-2.74%,-0.09%,-12.23%
Denarius,DNR,0.237963,3370.24,437547.089409,-1.28%,-18.46%,12.53%
TagCoin,TAG,0.0732706,3146.73,431865.801076,-16.37%,2.26%,55.74%
Ellaism,ELLA,0.21012,5113.89,428191.9914,-1.25%,0.89%,10.73%
FujiCoin,FJC,0.000355497,906.703,419461.11733,16.63%,11.98%,0.16%
PoSToken,POS,0.605466,3550.81,405390.365766,-2.14%,-8.76%,-16.81%
BlockPay,BLOCKPAY,0.0738806,1127.32,401046.06098,-0.57%,-9.76%,8.24%
Dashcoin,DSH,0.0227362,42768.8,399588.041639,-1.72%,17.16%,-9.10%
BlakeStar,BLAS,0.00157131,5242.24,387623.236229,-1.25%,8.74%,-31.66%
Sprouts,SPRTS,3.43603e-07,551.834,370754.555563,-11.77%,-1.13%,-33.01%
Pakcoin,PAK,0.00817361,1222.22,357670.634712,-0.79%,-2.08%,3.74%
Veltor,VLT,0.643153,853.334,356856.657815,9.39%,3.44%,17.93%
bitBTC,BITBTC,7050.16,2832.33,356107.811696,-11.10%,1.73%,-12.59%
Deutsche eMark,DEM,0.0127495,1155.18,354352.152861,-0.73%,9.16%,0.00%
Sterlingcoin,SLG,0.0835459,1905.1,350897.782455,-1.18%,10.42%,66.81%
AltCommunity ...,ALTCOM,3.29198,6596.35,349919.266661,-1.22%,7.65%,-30.36%
Authorship,ATS,0.00420097,8743.87,336077.6,-1.97%,-5.55%,-3.92%
Universal Cur...,UNIT,0.0206397,1612.17,334596.480978,-1.16%,-1.49%,261.18%
Dalecoin,DALC,0.822087,4170.19,331969.417731,-1.96%,4.81%,-19.61%
EmberCoin,EMB,3.57328e-06,1763.38,329423.623022,-0.85%,-69.32%,-59.14%
808Coin,808,0.000358629,7993.49,326576.469983,-1.18%,6.91%,-20.15%
Valorbit,VAL,7.14694e-05,956.266,325406.28375,-1.25%,,-3.88%
Phoenixcoin,PXC,0.00523543,2829.35,324249.176969,-15.24%,-15.35%,26.30%
Ethereum Dark,ETHD,0.215007,105603.0,322510.5,-2.31%,2.91%,-7.54%
DaxxCoin,DAXX,0.000643176,646.749,318287.342971,-11.04%,-17.18%,-3.89%
Atomic Coin,ATOM,0.0245643,1254.56,316596.889263,-1.18%,10.95%,33.33%
Octanox,OTX,0.0371641,2355.77,315894.887164,2.70%,0.88%,-43.07%
DigitalPrice,DP,0.0177139,6207.68,302850.102111,-12.40%,-24.42%,-38.88%
Tychocoin,TYCHO,0.0593196,6224.98,298043.500013,-1.25%,-7.13%,-34.19%
GoldReserve,XGR,0.0170988,1657.58,293610.027567,-1.53%,62.67%,37.14%
CageCoin,CAGE,2.9019e-06,5781.01,293580.372169,-12.06%,6.48%,-88.67%
Newbium,NEWB,0.00583683,774.089,291841.5,-1.00%,13.82%,-5.08%
Vsync,VSX,0.00287896,7347.0,284914.186275,-1.24%,8.43%,-20.30%
TrumpCoin,TRUMP,0.0428437,1039.95,280449.375693,-1.06%,-2.09%,-12.22%
Bolenum,BLN,0.026358,2358.71,263580.0,-1.20%,-10.76%,-6.87%
Joulecoin,XJO,0.00742687,2341.34,254511.733809,-1.11%,8.85%,13.56%
PostCoin,POST,0.015759,2021.07,250067.479075,-1.37%,7.26%,-7.36%
Nyancoin,NYAN,0.000768263,922.58,243834.301938,-1.22%,39.03%,21.17%
Senderon,SDRN,0.00658842,3296.94,235054.401498,-8.99%,-9.43%,-9.86%
LiteBar,LTB,0.297563,777.283,234759.829126,-30.89%,1.95%,-1.92%
Rasputin Onli...,ROC,0.213863,2253.46,231746.654521,3.01%,-30.28%,-70.05%
Acoin,ACOIN,0.187,636.561,228155.886895,0.64%,85.15%,106.42%
Scorecoin,SCORE,0.00749821,2106.16,227545.112021,-1.86%,1.11%,-11.03%
Devcoin,DVC,1.5053e-05,912.932,226892.476598,-0.66%,-31.06%,21.11%
KiloCoin,KLC,0.00112547,2832.27,220927.477433,-1.24%,-71.07%,25.44%
Universe,UNI,0.0208691,501.992,212550.07802,-19.59%,-5.51%,-7.58%
FlutterCoin,FLT,0.000639874,901.164,206176.696457,-1.26%,3.95%,-16.17%
Bitgem,BTG,3.35958,2084.45,198229.013276,3.03%,0.37%,53.84%
Prototanium,PR,1.00883,2405.37,197496.09449,-1.14%,8.80%,0.24%
Elcoin,EL,0.0175789,2239.74,197041.309996,-4.19%,13.73%,1.88%
Bitcoin Red,BTCRED,0.0190546,20153.0,190546.0,15.11%,13.07%,78.76%
BiblePay,BBP,0.000786163,979.341,188515.032317,-1.25%,19.84%,1.12%
Ethereum Cash,ECASH,0.0131437,4724.63,185326.17,-0.24%,27.68%,16.86%
EOT Token,EOT,0.0218802,12940.6,180750.209823,1.53%,25.16%,-59.25%
ChessCoin,CHESS,0.0031798,748.787,171813.39776,-1.25%,83.95%,34.71%
Cannacoin,CCN,0.0349234,594.644,164123.985441,-1.14%,8.27%,-10.70%
EcoCoin,ECO,0.149646,25540.6,157645.634726,-6.80%,-17.24%,-0.74%
ChanCoin,4CHN,0.0230754,834.321,154488.216003,-1.47%,16.89%,96.78%
Cryptojacks,CJ,0.000346474,1253.09,140865.442502,1.44%,27.75%,-39.96%
ReeCoin,REE,5.49034e-05,1650.26,140552.704,-1.19%,65.49%,68.95%
Ripto Bux,RBX,0.000355439,1641.85,135506.186323,-1.00%,12.25%,6.63%
WomenCoin,WOMEN,0.00305138,1237.96,134933.245033,10.15%,-8.55%,-61.31%
Evotion,EVO,0.0420242,1259.35,132638.065666,-1.26%,8.84%,7.29%
Mincoin,MNC,0.0312487,1952.09,123983.9948,-29.97%,-59.69%,-65.00%
Zurcoin,ZUR,0.00142147,1290.7,122463.880745,1.84%,-1.06%,-3.87%
PRCoin,PRC,0.0079331,22937.3,119085.35072,-1.25%,-0.88%,-12.93%
CoinonatX,XCXT,0.00730683,751.926,110215.893451,-12.88%,17.97%,-1.33%
bitGold,BITGOLD,1222.57,543.132,109993.889358,-0.86%,-0.03%,-4.17%
GoldBlocks,GB,0.00718239,740.842,108210.544279,-1.16%,11.59%,2.13%
Blakecoin,BLC,0.00714535,649.339,108056.964011,4.73%,-12.62%,-9.81%
Wyvern,WYV,0.0614637,1332.12,104821.635156,5.24%,-6.30%,-21.67%
Artex Coin,ATX,0.00543922,1139.11,102158.069606,-1.21%,179.98%,216.00%
CampusCoin,CMPCO,0.00043034,1674.18,99298.8227226,-5.56%,6.15%,-44.07%
BitcoinFast,BCF,0.0219384,540.295,92321.8235756,-2.83%,0.68%,20.34%
Eurocoin,EUC,0.00746206,1596.73,92209.6346731,-0.79%,-1.23%,43.46%
Catcoin,CAT,0.0148656,806.395,91358.0310774,-1.20%,12.18%,5.87%
Virta Unique ...,VUC,0.00148274,1829.37,90970.8066995,-5.12%,4.55%,-22.84%
Pascal Lite,PASL,0.0218696,1343.61,87862.21148,-27.13%,-34.48%,12.74%
Bitcurrency,BTCR,0.000480685,877.887,81523.5108,10.87%,129.74%,-24.29%
USDe,USDE,7.14694e-05,2197.21,81063.1737965,-1.20%,8.94%,-3.87%
iEthereum,IETH,0.00439458,10874.6,79023.33756,-39.93%,-33.94%,-36.00%
Doubloon,BOAT,0.00410155,1485.37,76074.9140699,-0.91%,17.90%,199.83%
Roofs,ROOFS,0.000571726,1033.91,74324.38,12.86%,8.95%,1.88%
Cypher,CYP,0.0116495,1607.3,74152.3838227,-1.25%,-36.34%,27.75%
FUNCoin,FUNC,0.0123442,1207.04,72196.0586327,-0.98%,-0.65%,-48.47%
bitEUR,BITEUR,1.16831,589.548,70358.665806,-0.81%,-2.89%,-1.68%
Litecoin Plus,LCP,0.106669,996.455,68178.2638116,-0.91%,-4.14%,581.77%
Interzone,ITZ,0.045784,2977.41,63450.4222964,-5.96%,15.19%,-31.06%
Solarflarecoin,SFC,0.00447143,1070.22,62973.1608335,29.00%,106.08%,83.33%
NevaCoin,NEVA,0.0262814,727.192,62885.082664,-1.17%,10.72%,17.21%
Asiadigicoin,ADCN,0.00250143,839.919,62363.2864072,-1.20%,0.06%,-19.08%
BoostCoin,BOST,0.00521726,571.847,61853.1589831,-1.20%,8.62%,-19.19%
Master Swiscoin,MSCN,0.00128495,851.442,57044.378688,-11.15%,-7.25%,-39.30%
CybCSec,XCS,0.00478845,4385.03,56666.9113813,24.90%,18.06%,-25.95%
Tristar Coin,TSTR,0.0104345,74163.9,52463.1701487,-25.68%,37.75%,29.07%
300 Token,300,173.242,608.135,51972.6,-1.25%,-3.97%,13.24%
Beatcoin,XBTS,0.0301601,560.948,45984.6851193,-1.25%,5.69%,61.45%
ZetaMicron,ZMC,7.14694e-05,1299.56,42906.2463033,-50.62%,8.95%,-4.39%
ExchangeN,EXN,0.00820953,26304.8,41868.603,-40.28%,-48.33%,-77.79%
ICOBID,ICOB,0.000387493,840.047,41206.2557806,-1.23%,-19.14%,9.91%
Eryllium,ERY,0.00748626,8787.01,37743.653944,-0.65%,11.59%,-0.18%
Coinonat,CXT,0.0042203,539.934,36392.49096,1.31%,33.94%,8.12%
ETHGAS,EGAS,0.00214356,1038.06,21773.2956416,1.60%,53.27%,-52.59%
MorningStar,MRNG,0.000458993,954.779,14931.1446296,0.63%,3.92%,73.29%
Grimcoin,GRIM,0.00132204,1226.99,13649.8013461,39.46%,-6.30%,
GeertCoin,GEERT,0.00252078,1031.31,12833.7941655,-1.24%,-22.37%,80.93%
Magnum,MGM,0.00264437,950.962,10340.8519801,-1.20%,15.17%,-17.31%
Selfiecoin,SLFI,7.14694e-05,867.322,7706.49399626,-1.25%,8.95%,
Project-X,NANOX,85763.2,1497.65,6712.1710848,-1.20%,-6.62%,33.26%
LevoPlus,LVPS,0.00463543,2311.12,5713.82528036,-1.43%,7.53%,-5.73%
LiteBitcoin,LBTC,0.00152653,601.373,4867.0050684,-4.27%,10.04%,7.89%
LiteCoin Ultra,LTCU,0.00559594,716.443,4660.31053871,-3.58%,4.68%,-45.60%
HarmonyCoin,HMC,0.00768444,25289.1,3938.71128303,7.44%,-11.29%,-6.39%
1337,1337,5.65135e-05,6290.52,2201.25592565,-2.15%,-36.26%,-0.56%
Falcoin,FAL,0.00450257,1686.68,885.953778242,1.99%,-8.31%,94.61%
Digital Money...,DMB,0.00142191,819.664,599.050683,-1.14%,8.92%,-33.75%
SuperNET,UNITY,31.6956,None,25865536.011,,,-16.18%
Pepe Cash,PEPECASH,0.0249428,280.865,17506952.4597,-1.25%,7.22%,23.77%
BCAP,BCAP,1.11867,0.987059,11186700.0,0.37%,13.23%,1.82%
Jinn,JINN,179.247,179.247,10522336.641,-1.85%,,
HEAT,HEAT,0.250214,373.478,7553814.53502,-1.20%,7.91%,25.48%
Ecobit,ECOB,0.012904,421.172,5735111.11054,7.10%,1.30%,-22.45%
Stakecoin,STCN,1.07204,214.408,5360200.0,-1.25%,,11.25%
Bankcoin,B@,0.788307,60.851,5171292.34339,-1.25%,12.12%,-51.89%
YashCoin,YASH,0.400943,476.53,4009531.7666,-1.20%,8.22%,-1.94%
Bitland,CADASTRAL,0.0904937,0.0,2714811.0,,,11.53%
Rustbits,RUSTBITS,0.0752833,1.81143,2657565.71099,-2.05%,-25.24%,238.88%
AsiaCoin,AC,0.00228699,27.4014,2565099.65171,-1.26%,12.19%,8.20%
Atmos,ATMS,0.02101,235.058,2107036.77996,-1.26%,9.72%,-16.88%
Crypto Bullion,CBX,2.08904,243.326,2098315.15886,-1.20%,14.30%,17.76%
ATC Coin,ATCC,0.189953,0.0,1999437.67988,,,-10.55%
MarteXcoin,MXT,0.659319,282.486,1842063.24106,0.01%,-1.02%,-3.50%
ICO OpenLedger,ICOO,3.82314,295.421,1781398.14879,4.90%,-2.51%,24.50%
Ethereum Movi...,EMV,0.263216,6.25138,1728451.55786,0.37%,-17.60%,-13.03%
InPay,INPAY,0.123777,0.0,1237770.0,,2.00%,
CryptCoin,CRYPT,0.177387,234.143,1075418.07412,-1.25%,42.32%,56.82%
Link Platform,LNK,22.3733,44.7467,1062804.54153,0.37%,40.40%,-21.62%
Coin(O),CNO,0.00983258,217.903,1034005.78474,-3.94%,-63.80%,515.09%
Colossuscoin V2,CV2,4.40099e-05,265.754,1003216.2851,-0.67%,-23.48%,-40.81%
Carboncoin,CARBON,5.55944e-05,39.4997,855709.319072,-16.11%,134.96%,-23.16%
RussiaCoin,RC,0.0996922,73.3668,835208.584995,-18.91%,-10.75%,33.95%
IncaKoin,NKA,7.28704e-05,210.383,799325.747965,-1.35%,11.06%,-39.05%
Anoncoin,ANC,0.376996,203.256,795581.015707,-0.67%,-21.69%,125.58%
WavesGo,WGO,0.0779755,161.316,769268.620834,-1.12%,-4.11%,4.88%
HitCoin,HTC,6.89095e-05,0.0,757750.782043,,5.04%,-36.63%
UFO Coin,UFO,0.000214408,327.106,745301.775303,-20.21%,8.94%,1.01%
Shorty,SHORTY,0.00721841,107.658,721841.000942,-1.25%,8.95%,-3.88%
Dinastycoin,DCY,0.000507189,342.258,720643.580214,-1.78%,-22.49%,-22.76%
TeslaCoin,TES,0.0097913,25.349,718069.122682,-1.20%,7.53%,-1.60%
ShadowCash,SDC,0.107133,5.20454,717269.711455,-1.20%,15.74%,-15.56%
StarCredits,STRC,0.151285,0.0,680782.5,-0.13%,21.33%,21.68%
FinCoin,FNC,0.0526527,56.4897,678096.589951,5.67%,9.33%,-16.65%
BTCtalkcoin,TALK,0.0100772,34.2219,657946.784334,-1.25%,,71.40%
Bitpark Coin,BPC,0.00871926,405.887,653944.5,-1.25%,8.94%,6.62%
Pandacoin,PND,1.97501e-05,474.758,642172.860223,-2.29%,-66.74%,-47.90%
Piggycoin,PIGGY,0.00128862,400.208,626633.859697,9.89%,181.57%,124.22%
Arcade Token,ARC,0.329039,99.364,594351.242416,0.37%,-66.70%,-87.98%
Canada eCoin,CDN,0.00601589,481.686,586041.198322,-1.61%,6.20%,-4.37%
Electra,ECA,2.68325e-05,22.3064,580129.316238,-1.12%,92.21%,198.36%
HoboNickels,HBN,0.0095769,304.026,571706.054709,-1.20%,10.59%,-7.05%
MetalCoin,METAL,0.00741503,0.0,570405.093867,,0.93%,-30.16%
Kobocoin,KOBO,0.0221679,65.1035,547552.620644,-1.33%,9.36%,-14.91%
Cream,CRM,0.0117586,474.476,526104.170132,4.61%,7.31%,-27.70%
iTicoin,ITI,15.8254,37.4206,506412.8,-0.75%,6.54%,17.98%
MaxCoin,MAX,0.00829045,365.124,504825.77065,-1.20%,-7.10%,-18.91%
KibiCoin,KIC,0.034277,29.6801,503906.177,15.85%,1171.43%,1297.25%
Orbitcoin,ORB,0.155041,49.2159,477039.029428,-1.29%,9.33%,2.36%
Casino,CASINO,0.471898,7.55037,471898.0,-0.63%,,160.49%
BritCoin,BRIT,0.0218198,57.5785,464065.517155,-1.25%,30.61%,44.98%
Ultimate Secu...,USC,0.0431675,33.6463,446486.330661,-1.38%,12.69%,-44.94%
Etheriya,RIYA,0.281795,30.6016,445667.528145,-1.25%,17.22%,53.93%
Trollcoin,TROLL,0.000785173,268.999,443141.327167,-1.24%,10.45%,33.38%
BTSR,BTSR,0.132309,255.903,434537.917593,-0.94%,-5.20%,-21.36%
SwagBucks,BUCKS,1.39567,255.129,431435.092661,-1.25%,5.62%,36.80%
Version,V,0.000916805,43.3313,426706.599216,-1.29%,42.06%,16.74%
AmberCoin,AMBER,0.00964836,3.94539,421628.322635,-1.25%,8.14%,4.79%
GCoin,GCN,2.81888e-06,473.235,413906.115141,-2.22%,-9.61%,-5.74%
GAIA,GAIA,0.0160053,0.0,385749.840501,,9.42%,33.69%
MazaCoin,MZC,0.000285385,244.823,383726.20733,-1.19%,8.77%,0.98%
CryptoForecast,CFT,0.00805315,236.859,370444.9,-1.30%,-5.74%,-26.53%
FuelCoin,FC2,0.00357347,81.9985,363107.256,-1.20%,13.48%,-1.89%
Eternity,ENT,0.0890259,324.965,362839.139358,-1.38%,19.09%,-15.71%
Triangles,TRI,4.91924,340.432,358570.499161,-1.25%,3.83%,1.75%
NobleCoin,NOBL,0.000152724,305.077,353142.324301,-20.24%,18.11%,-46.71%
SmartCoin,SMC,0.0149716,156.86,351308.759627,-2.01%,-4.14%,-15.47%
Jetcoin,JET,0.0724737,50.962,348149.105948,-1.19%,23.02%,5.59%
iCoin,ICN,0.0106489,445.572,310406.117212,18.73%,26.82%,2.34%
iDice,ICE,0.184523,19.5492,289887.997286,-1.21%,134.69%,109.70%
Shadow Token,SHDW,0.0408204,68.4,285742.8,-0.77%,16.34%,-31.02%
AurumCoin,AU,0.929102,30.9624,275214.558656,-18.06%,8.79%,-8.74%
OHM,OHM,0.00929102,50.0286,274194.699273,-1.25%,,39.14%
GlobalCoin,GLC,0.00414522,8.33947,270148.173969,-1.20%,3.81%,-13.25%
PlatinumBAR,XPTX,0.682994,315.401,259101.376373,-1.23%,16.86%,28.39%
Opal,OPAL,0.016959,269.569,256812.839128,-1.25%,13.65%,6.85%
Joincoin,J,0.104495,115.922,255845.714743,-1.46%,-9.77%,61.25%
Truckcoin,TRK,0.00163113,287.433,249551.107868,-1.31%,53.29%,24.59%
QubitCoin,Q2C,0.00100057,30.0744,248289.231959,-1.15%,8.94%,55.38%
The Cypherfunks,FUNK,5.34907e-06,53.7133,246754.578253,-1.87%,6.56%,40.86%
8Bit,8BIT,0.209622,18.7247,244086.956309,-1.66%,13.03%,-12.27%
Bitcoin Scrypt,BTCS,0.0147153,467.144,241327.057234,-1.42%,-5.67%,-13.94%
Rubies,RBIES,0.0230835,266.578,240420.467052,-1.25%,17.00%,-1.23%
Guncoin,GUN,0.00121433,294.344,237409.138564,-5.84%,2.89%,7.68%
Stress,STS,0.000416995,0.0,235658.190743,,5.94%,-29.56%
Titcoin,TIT,0.00455531,90.7183,227301.779236,-1.70%,6.23%,-10.49%
LanaCoin,LANA,0.000273506,68.8091,227123.066326,-1.25%,40.79%,-0.45%
PureVidz,VIDZ,0.0017783,377.325,222785.023004,2.27%,-33.87%,-3.73%
WayGuide,WAY,0.00205926,0.0,206009.829245,,1.26%,-7.68%
Shilling,SH,0.00528873,40.1949,206001.190011,-1.25%,139.89%,791.13%
E4ROW,E4ROW,0.0491815,0.0,205972.122,,-0.42%,
Bit20,BTWTY,202054.0,404.108,205286.864,-0.57%,2.22%,12.24%
HOdlcoin,HODL,0.00135792,488.57,202397.616151,-10.61%,-1.43%,-1.23%
Kayicoin,KAYI,0.000711221,142.817,202122.27815,-1.25%,20.40%,-14.41%
Freicoin,FRC,0.00678959,21.6491,199502.927457,-1.20%,3.50%,-8.68%
BigUp,BIGUP,9.40556e-05,56.049,198965.935659,18.48%,40.08%,25.75%
LeviarCoin,XLC,0.0204392,155.35,196137.103661,-0.66%,-27.64%,5.31%
KushCoin,KUSH,0.03502,54.8258,190702.264413,5.88%,112.12%,16.61%
Goodomy,GOOD,0.000430575,1.74429,190033.845675,-1.41%,-7.70%,-39.82%
EMoneyPower,EMP,0.0199249,0.0,183309.08,,7.32%,31.73%
I0Coin,I0C,0.00842438,14.4023,176779.66366,-1.26%,8.85%,-7.22%
DigiCube,CUBE,7.14694e-05,40.0228,173608.1784,-1.25%,8.95%,-3.88%
CorgiCoin,CORG,0.000138608,484.615,173517.175778,-0.74%,16.58%,1.43%
BunnyCoin,BUN,1.66697e-06,468.342,170425.357497,4.80%,-10.98%,-25.64%
SproutsExtreme,SPEX,5.91801e-05,0.0,169646.123591,,,
LottoCoin,LOT,1.1686e-05,33.4296,169341.994526,-1.38%,-4.00%,-6.27%
PayCoin,XPY,0.0142939,46.9755,168941.686727,25.29%,70.26%,-18.56%
Honey,HONEY,0.538265,82.8016,166584.943525,-1.25%,63.50%,23.67%
Digitalcoin,DGC,0.00599339,236.284,162940.998453,0.88%,-9.94%,23.74%
Bolivarcoin,BOLI,0.019833,16.9428,162110.479573,2.67%,15.86%,-6.38%
UniCoin,UNIC,0.0547243,30.2262,162108.19987,3.93%,13.04%,0.20%
PetroDollar,XPD,0.00248504,28.333,159025.847826,-1.29%,-0.26%,-0.17%
Flycoin,FLY,0.715319,0.0,150793.21804,,0.96%,
Darsek,KED,0.0111562,13.3537,150133.061118,-5.57%,-6.36%,-8.88%
Evil Coin,EVIL,0.00707607,61.8364,148741.700019,-1.27%,12.01%,11.97%
bitSilver,BITSILVER,16.4151,29.0466,144783.808416,-0.42%,0.75%,0.97%
Tigercoin,TGC,0.00328759,330.129,143131.148167,18.66%,8.94%,0.63%
Smoke,SMOKE,0.0104449,37.9366,139752.628044,-0.80%,10.98%,31.65%
Ratecoin,XRA,0.00122529,37.1547,139370.76606,-1.19%,-0.08%,-15.44%
Global Tour Coin,GTC,0.00464551,324.241,138842.225691,-1.14%,22.32%,27.58%
Grantcoin,GRT,0.00322111,120.166,138314.337592,-3.15%,19.76%,-1.87%
RevolverCoin,XRE,0.00614637,10.0231,136842.009219,-1.25%,6.97%,-11.48%
Emerald Crypto,EMD,0.00711382,299.17,135995.817278,-1.32%,26.35%,9.02%
PIECoin,PIE,0.00636077,106.807,134643.508344,-10.32%,34.28%,-10.65%
Mineum,MNM,0.0141667,17.0641,133682.178236,-1.16%,3.13%,-3.89%
Crypto,CTO,0.0110778,163.745,132353.460916,-1.25%,8.95%,34.93%
Yacoin,YAC,0.00107204,0.72034,128211.204846,-1.20%,16.73%,-3.87%
GlobalBoost-Y,BSTY,0.00974363,298.204,127535.110928,-0.72%,22.10%,4.97%
Theresa May Coin,MAY,0.00534611,416.682,125976.805262,-1.25%,-0.52%,-1.29%
Cannation,CNNC,0.0505556,386.631,125220.797556,0.24%,65.75%,-62.99%
Swing,SWING,0.0449156,90.4627,121130.116129,-1.25%,7.29%,8.64%
SatoshiMadness,MAD,6.01508e-05,0.0,120342.712173,,,
MojoCoin,MOJO,0.00991651,130.541,120254.16499,-1.29%,14.77%,-21.27%
Philosopher S...,PHS,0.019797,175.587,119065.898102,-1.20%,25.75%,36.96%
BitTokens,BXT,0.212693,6.96333,118682.694,-1.20%,-59.46%,5.77%
TittieCoin,TTC,9.41261e-05,498.874,118581.607648,-36.18%,-45.47%,5.64%
LeaCoin,LEA,0.000374353,126.738,116079.711439,0.90%,-4.72%,26.72%
Gapcoin,GAP,0.00971983,26.6862,115928.227041,1.36%,16.42%,20.56%
BERNcash,BERN,0.00157053,160.192,111875.606454,-1.27%,12.38%,-8.07%
Coin2.1,C2,0.00107204,28.4859,107178.617309,-0.34%,26.15%,37.87%
Flaxscript,FLAX,0.0191875,112.531,107101.659932,-1.28%,28.37%,34.77%
VectorAI,VEC2,0.00646815,0.71433,106944.592598,0.00%,79.28%,68.48%
VirtualCoin,VC,0.0104323,0.0,104993.657614,,,-34.79%
Francs,FRN,0.0271312,378.62,104918.520838,-1.70%,5.72%,-36.61%
Sling,SLING,0.0970554,12.2364,104246.721513,-1.25%,61.87%,
Bottlecaps,CAP,0.000514308,0.0,103397.468704,,,-41.29%
TEKcoin,TEK,7.16834e-05,264.592,101364.238755,-1.31%,4.19%,-3.98%
C-Bit,XCT,0.000642921,151.034,101082.129113,-1.26%,8.69%,-35.85%
BumbaCoin,BUMBA,0.00450252,2.18703,100866.712239,-1.25%,8.94%,18.67%
OctoCoin,888,0.00199773,61.0146,100108.4486,-1.18%,12.04%,-5.12%
Sativacoin,STV,0.0140349,163.159,99447.0313557,-0.83%,26.94%,24.05%
AntiBitcoin,ANTI,0.00564608,7.48492,98609.6837392,-1.25%,56.48%,4.21%
020LondonCoin,020,6.26796e-07,3.13398e-06,98265.2786519,-0.64%,0.96%,
DROXNE,DRXNE,0.00157443,399.62,97583.4208101,-1.25%,5.84%,11.38%
HempCoin,HMP,7.14694e-05,39.3082,96958.6377531,-1.20%,8.94%,-3.90%
SpaceCoin,SPACE,0.00455833,35.4111,94687.6645884,-1.69%,11.18%,-1.79%
CacheCoin,CACH,0.0225129,106.887,94444.5900682,-1.20%,11.36%,25.54%
Rupaya,RUPX,0.0154786,138.908,94145.491113,-1.27%,10.60%,-38.21%
Tattoocoin (S...,TSE,0.00102802,33.0628,92955.4766521,-1.77%,10.07%,85.89%
Quatloo,QTL,0.0118399,9.68823,91390.8010083,-1.33%,-6.03%,70.44%
WMCoin,WMC,0.00777789,0.0,89659.5431706,,,
Unrealcoin,URC,0.0126721,0.0,89013.9245842,,10.39%,-5.02%
Ammo Rewards,AMMO,0.00114351,99.6886,88939.6657773,-1.20%,24.51%,44.57%
QuazarCoin,QCN,0.0142939,28.1732,86405.3491712,-7.76%,-12.41%,-9.15%
GoldPieces,GP,0.0701924,169.963,85646.0253319,-1.20%,-6.69%,-15.16%
Firecoin,FIRE,0.860177,0.0,84651.6838045,,3.79%,7.65%
Bitcoin Planet,BTPL,0.0152096,299.407,82596.8973994,-1.97%,49.67%,87.64%
Dollarcoin,DLC,0.00900514,13.2466,82007.2352075,-1.25%,8.95%,-38.80%
ParallelCoin,DUO,0.269469,388.12,81268.1518774,0.04%,12.98%,-1.06%
X-Coin,XCO,0.00655966,74.3311,81241.2316682,-1.20%,16.82%,2.59%
AquariusCoin,ARCO,0.0554269,16.0304,80979.4426352,-0.53%,-0.86%,39.94%
PayCon,CON,0.00350433,78.8778,80748.8884753,-1.25%,1.90%,-41.56%
Halcyon,HAL,0.0154374,8.47943,80680.7936437,-1.25%,8.68%,-6.74%
Prime-XI,PXI,0.00454104,52.7686,79492.3356276,-10.63%,11.05%,9.61%
Aricoin,ARI,0.0005632,67.9619,78995.8428898,-1.21%,7.96%,-4.37%
BitAsean,BAS,0.0157929,411.801,78964.5,0.28%,-7.80%,14.09%
GameUnits,UNITS,0.0215361,217.669,74794.4986789,34.18%,13.60%,-21.45%
RedCoin,RED,0.00100057,135.244,74150.1375007,-1.20%,-5.69%,43.27%
Digital Rupees,DRS,0.000142939,14.2939,73013.6644338,,117.89%,-3.88%
Kurrent,KURT,0.00734839,225.353,72892.2445974,-0.75%,4.45%,23.81%
Argentum,ARG,0.00858074,118.77,72538.9883946,-1.23%,3.87%,-4.59%
Marscoin,MARS,0.00252318,17.3929,71353.1939353,-2.80%,5.14%,20.47%
Chronos,CRX,0.000963955,25.2654,71072.3654344,-1.64%,20.58%,3.24%
BitQuark,BTQ,0.00771869,86.9779,69111.8265047,-1.25%,8.94%,8.75%
IslaCoin,ISL,0.0454927,0.0,68862.491146,,,-17.87%
JobsCoin,JOBS,0.000643224,232.956,68194.1387335,-19.20%,40.08%,
SixEleven,611,0.156827,2.83712,67296.0983486,-1.25%,12.57%,15.34%
Franko,FRK,0.0717552,2.22441,66787.3722384,-1.20%,,-33.50%
Dreamcoin,DRM,0.0265291,0.0,64986.5347659,,9.59%,-31.39%
GPU Coin,GPU,0.00160415,295.565,64931.246304,11.31%,16.84%,-5.63%
Slimcoin,SLM,0.00428816,7.14694,64054.1274643,-1.25%,10.80%,-38.91%
eBTC [OLD],EBTC,0.00303851,214.226,62484.8304943,9.39%,29.01%,-85.97%
Creatio,XCRE,0.00296976,88.8248,60941.0016566,-0.77%,18.81%,27.48%
Independent M...,IMS,0.0112661,112.66,60486.9428006,-1.07%,11.66%,-20.88%
Marijuanacoin,MAR,0.0418937,356.946,60131.3777951,-10.41%,-6.28%,18.46%
Californium,CF,0.0250143,13.8909,60017.9981693,-1.20%,8.64%,-9.07%
CompuCoin,CPN,0.00299946,278.182,58834.4658166,3.67%,-0.25%,-3.11%
SoonCoin,SOON,0.00471698,40.7206,58785.9292876,-1.20%,8.94%,34.47%
GlobalToken,GLT,0.00225921,129.64,58020.127536,1.91%,-12.65%,51.26%
Spots,SPT,0.00258714,27.0164,57967.5137922,-1.18%,11.11%,-7.60%
MustangCoin,MST,0.090381,107.955,56971.0527061,-1.25%,3.93%,7.76%
Virtacoinplus,XVP,0.00609615,210.854,55686.8088207,0.56%,37.04%,-15.04%
Kittehcoin,MEOW,2.32563e-06,45.9182,55595.7432652,-2.29%,-11.49%,-10.36%
Allion,ALL,0.00862531,4.42195,53471.3961072,-1.93%,24.86%,4.77%
Metal Music Coin,MTLMC3,0.000643224,103.827,51277.2644054,-1.20%,17.80%,38.52%
SecretCoin,SCRT,0.0118898,0.0,50278.0617221,,8.53%,
TajCoin,TAJ,0.00644194,277.127,50105.1912523,-1.26%,1.37%,-18.55%
BillaryCoin,BLRY,0.00553328,0.0,49753.1818764,,5.43%,-6.18%
PonziCoin,PONZI,0.0574836,0.0,49499.0705799,,4.45%,-3.24%
Jin Coin,JIN,0.00485992,29.4359,47862.8513732,-1.25%,,92.56%
HealthyWormCoin,WORM,0.000428816,2.46834,47593.0251654,-1.25%,8.94%,-13.85%
DIBCOIN,DIBC,0.00950543,291.231,47527.15,-7.41%,10.56%,-9.34%
Bitz,BITZ,0.0237993,32.9094,47381.8076831,-1.25%,11.97%,-50.75%
RonPaulCoin,RPC,0.0532128,38.4247,47271.0545854,-1.20%,7.35%,9.66%
CryptoWorldX ...,CWXT,0.000787667,158.063,46968.7407434,8.02%,8.75%,9.39%
Rimbit,RBT,0.000405581,91.0724,46844.452767,-0.40%,2.27%,-9.96%
Gold Pressed ...,GPL,0.18582,34.0426,46823.7001953,-1.25%,-2.15%,1.67%
BeaverCoin,BVC,0.0149478,210.812,46566.2535324,-1.23%,11.40%,-28.36%
Cashcoin,CASH,0.00100057,275.729,45762.0489733,12.58%,20.34%,-3.46%
BRAT,BRAT,0.000284803,497.914,45568.48,-1.19%,22.71%,9.24%
MTMGaming,MTM,0.0151249,14.0964,45374.2008783,-0.63%,28.69%,-45.60%
PopularCoin,POP,1.33376e-05,48.5255,44986.0608607,-1.73%,3.89%,28.41%
Jewels,JWL,0.00221555,49.582,44713.4233454,-1.25%,,-17.23%
SOILcoin,SOIL,0.00770859,163.794,43954.7501923,10.47%,52.20%,29.23%
Hexx,HXX,0.0297465,11.2391,43816.2402489,-0.30%,-21.96%,17.31%
Bitcoin 21,XBTC21,0.053602,57.9288,42512.1482727,-1.20%,8.51%,-4.13%
Debitcoin,DBTC,0.00235849,16.8265,42451.8537786,-1.25%,42.96%,38.73%
Blackstar,BSTAR,6.61041e-05,0.0,41698.1999484,,0.94%,
MACRON,MCRN,0.000103659,135.867,41610.9409736,-1.20%,-40.36%,-52.67%
CryptoEscudo,CESC,0.000285877,193.122,41196.3336727,-1.20%,8.95%,-3.87%
Litecred,LTCR,0.00135792,70.0274,41046.8663148,-1.25%,92.07%,64.14%
Coimatic 2.0,CTIC2,0.00362216,300.509,40886.94208,-1.67%,18.78%,-39.05%
GuccioneCoin,GCC,0.00200114,15.4044,40594.1995122,-1.25%,5.19%,-4.87%
JIO Token,JIO,0.0212155,None,40481.8834867,,,
Money,$$$,0.000874544,310.215,40130.3907779,-13.52%,-20.06%,-42.90%
BipCoin,BIP,0.0245747,131.69,39989.4555036,-1.25%,3.87%,1.33%
Braincoin,BRAIN,0.00393082,49.1471,39672.9845887,-1.25%,9.42%,-40.75%
CoExistCoin,COXST,0.00146165,4.04922e-07,39610.715,-0.64%,-1.63%,-47.30%
Zayedcoin,ZYD,0.0062893,40.584,39269.3829155,25.94%,27.83%,-7.15%
Neuro,NRO,0.00114351,123.734,38733.4858831,-1.25%,-2.43%,-20.48%
Photon,PHO,1.88039e-06,12.4972,37974.7299355,-0.67%,0.94%,0.86%
BenjiRolls,BENJI,0.00185711,250.655,37601.7340367,-1.20%,32.83%,15.34%
ARbit,ARB,0.00486139,0.0,37357.4000689,,0.14%,-26.54%
Uro,URO,0.0308033,16.1127,37189.1444443,-1.15%,9.45%,
DAS,DAS,0.014008,157.233,36741.385098,-1.20%,98.73%,-38.42%
SecureCoin,SRC,0.00450257,23.0679,36712.8569278,-1.20%,-17.31%,-51.51%
BitCoal,COAL,0.00807604,136.541,36342.18,-1.32%,0.92%,5.60%
WARP,WARP,0.0330747,0.0,36224.2052328,,6.16%,
PlayerCoin,PLACO,0.00100057,478.878,35140.0184045,6.41%,-1.95%,-27.62%
MindCoin,MND,0.00278731,14.479,34971.3333287,-10.39%,8.94%,-17.44%
CrevaCoin,CREVA,0.000864616,66.3806,31464.024702,-1.15%,17.33%,-16.96%
Orlycoin,ORLY,0.000857632,15.403,31429.4503051,-1.25%,18.63%,22.93%
Cthulhu Offer...,OFF,0.0116495,11.5309,30548.1722642,-1.25%,12.46%,38.49%
FlavorCoin,FLVR,0.00145375,0.0,30380.6218432,,0.73%,-6.90%
BowsCoin,BSC,0.00543167,8.8354,30146.3247924,-1.25%,15.00%,1.46%
Slevin,SLEVIN,0.000428816,174.647,30017.1200105,4.55%,27.97%,4.46%
Useless Ether...,UET,0.00756745,253.838,30010.3582855,53.66%,4.44%,-18.19%
Vault Coin,VLTC,0.000981738,177.406,29712.0651155,-14.06%,-2.11%,-22.08%
Comet,CMT,0.0339274,63.7736,29612.852542,-2.12%,-10.13%,-12.88%
SongCoin,SONG,0.000907201,26.3301,29543.2727253,-1.19%,45.12%,15.09%
Pulse,PULSE,0.00192967,1.92967,27592.296373,-1.20%,33.70%,-33.52%
AnarchistsPrime,ACP,0.00620706,188.478,27279.2453754,-1.25%,25.87%,0.23%
Pesobit,PSB,0.000811083,None,27222.6943108,,,-0.83%
CRTCoin,CRT,0.343053,271.346,27193.9153312,-1.20%,8.94%,-3.87%
FuzzBalls,FUZZ,0.00555306,138.535,26820.9743817,-1.25%,39.28%,36.60%
G3N,G3N,0.003502,37.2509,26481.742282,-1.25%,6.77%,-21.94%
Cabbage,CAB,0.00250143,1.00057,26265.0047692,-1.25%,8.95%,-15.89%
Steps,STEPS,0.00138428,0.0,25782.2385435,,0.48%,-17.22%
GBCGoldCoin,GBC,0.00225,3.15631,25564.0875993,0.00%,-9.13%,-33.20%
BBQCoin,BQC,0.000500286,46.9952,25397.4458141,-1.20%,46.59%,34.58%
Iconic,ICON,0.0427387,251.398,25339.4987106,-1.25%,4.36%,9.13%
DT Token,DRACO,0.000283149,None,25168.7997483,,,
PLNcoin,PLNC,0.00142939,13.7225,24427.703344,-1.25%,-9.21%,
Printerium,PRX,0.00200782,112.958,23735.9016776,3.85%,-15.50%,-18.09%
ImpulseCoin,IMPS,0.00114351,236.11,23150.9431705,-1.25%,,-19.06%
GameBet Coin,GBT,0.00107204,23.0728,22794.5509226,-1.25%,8.94%,-7.07%
TAGRcoin,TAGR,0.000579297,0.0,22401.2028499,,10.38%,-22.03%
MiloCoin,MILO,0.00207261,4.14522,22363.3659673,-1.25%,-6.55%,-10.16%
iBank,IBANK,0.00493139,147.805,22321.0689104,-1.25%,67.05%,-8.58%
Ride My Car,RIDE,0.000214408,39.4968,21714.5937957,-1.20%,8.94%,
Zonecoin,ZNE,0.00836192,21.3617,21590.2297905,-1.25%,48.21%,-4.86%
DAPPSTER,DLISK,0.000214408,1.84284,21440.8,-1.25%,,-16.55%
Kronecoin,KRONE,0.00647599,160.25,20652.7590113,-0.95%,4.02%,-10.04%
BiosCrypto,BIOS,0.000963989,0.0,20071.898452,,,
Luna Coin,LUNA,0.0119841,21.3524,19185.4441027,-1.30%,8.36%,-0.89%
Wild Beast Block,WBB,0.118088,82.408,19078.9279909,-1.90%,14.39%,-39.63%
NeuroDAO,NDAO,0.107204,335.796,18603.324528,-1.14%,-26.20%,-19.04%
LetItRide,LIR,0.00050363,0.0,18251.6790743,,9.67%,-15.33%
PosEx,PEX,0.00714694,9.61492,17533.1600768,-1.25%,5.78%,-15.84%
KingN Coin,KNC,8.69517,0.0,17455.9413212,,6.03%,-26.79%
BlazeCoin,BLZ,2.85926e-05,31.8835,17400.2381294,-0.43%,-28.28%,-23.95%
DPAY,DPAY,0.000214408,2.62457,17054.2269299,-1.20%,8.92%,-3.56%
SocialCoin,SOCC,0.0121498,20.061,16825.9984363,-1.25%,21.05%,12.82%
Dollar Online,DOLLAR,0.0222984,18.2178,16807.9997944,-1.25%,12.93%,-1.19%
CHNCoin,CNC,0.000357347,28.5877,16529.1880007,-1.20%,-9.21%,14.55%
EGO,EGO,0.00026673,0.0,16003.8001498,,,-28.25%
Impact,IMX,0.000142939,326.627,15653.109521,-1.25%,0.01%,-51.91%
Revenu,REV,0.0127215,17.3285,15208.8711941,-1.25%,37.53%,52.74%
Destiny,DES,0.00921955,3.84198,14751.2802277,-1.25%,9.04%,
BnrtxCoin,BNX,0.000571605,178.629,14729.97562,-1.25%,8.91%,-13.18%
AgrolifeCoin,AGLC,0.0018582,207.183,13235.6431911,-1.25%,-60.66%,-72.10%
High Voltage,HVCO,0.00865292,0.0,12928.9397101,,9.15%,-22.82%
BioBar,BIOB,0.0142939,59.2795,12660.9116049,-1.20%,,-7.58%
OsmiumCoin,OS76,0.014008,219.626,12523.516208,-1.25%,-35.68%,-22.81%
Speedcash,SCS,0.045589,0.0,11936.5989149,,5.61%,-13.23%
VIP Tokens,VIP,0.000142939,360.491,11928.3171016,-1.25%,-45.53%,-34.73%
Wexcoin,WEX,0.0421026,None,11349.6293101,,,-0.83%
Antilitecoin,ALTC,0.000357347,40.6837,11260.9378098,-1.25%,36.18%,-26.12%
VapersCoin,VPRC,1.3464e-05,5.22763,10503.6025153,-2.06%,-14.34%,-72.56%
SydPak,SDP,0.0641071,0.0,10234.2698528,,8.58%,7.22%
Qibuck Asset,QBK,0.00604997,0.846996,10111.7928086,-0.63%,2.96%,20.97%
RSGPcoin,RSGP,5.71762,242.183,9873.05810295,-1.25%,-30.28%,-22.25%
Veros,VRS,1.84763e-05,476.673,8990.73460575,0.67%,20.72%,-43.97%
JavaScript Token,JS,0.000995614,371.134,7956.94310554,51.72%,-30.23%,-17.28%
Tradecoin,TRADE,0.00107204,107.204,7807.908529,-1.25%,22.30%,-31.13%
Bitvolt,VOLT,0.000500286,109.631,7560.59920735,-1.25%,27.11%,12.14%
Concoin,CONX,0.0095769,21.835,7127.75829109,-1.25%,8.95%,20.58%
PX,PX,7.14694e-05,4.12202,6768.41090795,,8.94%,-92.81%
P7Coin,P7C,0.000186175,0.0,6557.12780965,,,-37.40%
Argus,ARGUS,0.00567939,44.0245,6521.78011497,-1.24%,1.57%,-34.00%
Dix Asset,DIX,6.50294e-08,59.0316,6502.94,-1.66%,-18.59%,8.11%
Save and Gain,SANDG,0.00200095,0.0,6132.51163804,,,-16.54%
Xonecoin,XOC,0.0145596,0.0,6115.032,,,
NodeCoin,NODC,0.00330778,0.0,5551.9070782,,,
Rawcoin,XRC,0.007802,59.2558,5499.489364,-1.15%,6.20%,-11.44%
Elysium,ELS,0.00135792,317.536,5438.48600009,-1.20%,-2.44%,-33.29%
CCMiner,CCM100,0.00145199,3.50947,4879.29187983,-0.54%,23.55%,10.97%
WalletBuilder...,WBC,0.238672,0.0,4477.98069044,,0.76%,
Frazcoin,FRAZ,0.000499542,30.9227,4428.85067404,-2.14%,6.96%,13.13%
SwapToken,TOKEN,2.8186e-07,74.4962,4318.26019098,-0.85%,53.41%,192.66%
Virtacoin,VTA,7.83495e-07,0.195794,4075.20046715,-2.71%,-96.28%,-12.29%
Powercoin,PWR,7.14846e-05,0.0,3573.0769534,,,
Enigma,XNG,0.214051,34.7932,3558.94907829,-1.20%,12.65%,-27.48%
BigBoobsCoin,BBC,0.0178673,0.750428,2997.70168636,-1.25%,8.95%,-65.34%
PizzaCoin,PIZZA,0.00200113,153.255,2757.39141514,-16.21%,44.37%,39.39%
BurstOcean,OCEAN,0.0122814,0.0122814,2601.5321178,-0.60%,4.50%,-52.70%
GeyserCoin,GSR,0.032733,52.9882,1533.9960387,-1.20%,1.21%,-23.58%
Lex4All,LEX,0.00131708,2.63416,1317.08,-0.63%,2.96%,-52.58%
Digital Credits,DGCS,0.000214408,147.047,1249.22420042,-1.25%,17.72%,44.18%
Sojourn,SOJ,0.0019796,196.032,960.5296344,-0.94%,-32.94%,
MantraCoin,MNC,0.000142939,7.14694,664.720675825,-1.20%,,
Ulatech,ULA,0.0049409,174.851,612.1084461,-1.16%,-45.42%,-0.04%
Abncoin,ABN,0.00764722,64.9893,517.716862825,-15.47%,25.22%,-17.58%
Ebittree Coin,EBT,0.00037451,9.51536,473.571904841,-1.25%,33.41%,-5.41%
Future Digita...,FDC,5.91039e-05,0.0,162.724925385,,1.43%,-0.15%
CaliphCoin,CALC,0.000911758,17.4938,79.4506142119,-7.96%,36.26%,-21.89%
Environ,ENV,5.04136e-07,0.0,66.9076786964,,,-59.71%
AppleCoin,APW,7.14694e-05,19.5801,4.73236584182,-1.25%,8.95%,-3.88%
Bitcoin Gold,BTG,158.141,37686400.0,?,-1.67%,-19.92%,5.43%
YOYOW,YOYOW,0.0577751,3892750.0,?,0.66%,1.11%,-22.79%
Regalcoin,REC,54.8159,3383510.0,?,-2.92%,1.13%,-19.16%
Sharechain,SSS,0.00571755,3079550.0,?,-0.12%,,
Nuls,NULS,0.724767,3021890.0,?,-2.91%,-15.81%,106.33%
Fargocoin,FRGC,8.26274,2457110.0,?,-0.12%,1.13%,2.20%
Ormeus Coin,ORME,1.13556,1320600.0,?,2.78%,15.89%,86.84%
TechShares,THS,0.850044,1205580.0,?,-23.39%,26.01%,-4.12%
FirstCoin,FRST,17.2891,1103040.0,?,0.50%,7.97%,1.02%
BT2 [CST],BT2,171.322,973806.0,?,0.82%,1.22%,-71.07%
ClubCoin,CLUB,1.82274,734904.0,?,0.16%,15.19%,7.15%
Upfiring,UFR,0.167076,678667.0,?,-12.72%,,
Electroneum,ETN,0.036458,598801.0,?,-1.34%,-3.60%,-25.81%
SegWit2x [Fut...,B2X,243.28,591562.0,?,-0.35%,-10.72%,-70.37%
Infinity Econ...,XIN,0.0562009,589352.0,?,-2.35%,-7.79%,-26.94%
NEO GOLD,NEOG,0.0519569,589100.0,?,-7.83%,47.28%,
Exchange Union,XUC,3.1017,337756.0,?,-0.99%,2.66%,36.04%
Unikoin Gold,UKG,0.197127,273315.0,?,-5.82%,10.70%,-18.54%
Storjcoin X,SJCX,0.727272,229963.0,?,0.64%,36.91%,39.86%
Aidos Kuneen,ADK,34.9843,229829.0,?,1.86%,9.76%,
Suretly,SUR,2.89504,210934.0,?,5.15%,-1.08%,18.24%
Swisscoin,SIC,0.00757575,193801.0,?,-5.41%,-15.40%,-56.03%
Emphy,EPY,0.27653,181073.0,?,-12.71%,16.81%,
Tezos (Pre-La...,XTZ,1.62889,168094.0,?,-0.37%,5.04%,-5.35%
Interstellar ...,HOLD,0.278724,156893.0,?,3.41%,3.56%,
Aion,AION,0.822357,123457.0,?,0.32%,2.88%,18.11%
BT1 [CST],BT1,6870.14,119615.0,?,-0.43%,9.47%,0.44%
ERC20,ERC20,0.000162536,115092.0,?,2.17%,13.63%,
Phore,PHR,0.282304,101905.0,?,-1.25%,-13.05%,-25.69%
MSD,MSD,0.0110778,86530.9,?,-2.40%,-7.89%,-24.33%
Akuya Coin,AKY,1.02701,83002.5,?,-0.89%,3.00%,47.54%
Sphre AIR,XID,0.191511,75787.8,?,-0.70%,-4.67%,-15.48%
OX Fina,OX,0.000282912,74979.6,?,29.24%,-6.94%,-92.56%
ELTCOIN,ELTCOIN,0.00730513,71470.4,?,-11.70%,49.22%,135.76%
LLToken,LLT,0.281027,68980.4,?,0.91%,1.25%,-8.49%
ZCash Gold,ZCG,0.151258,67498.1,?,-5.44%,-40.47%,
Hawala.Today,HAT,0.352045,58410.2,?,-20.85%,,
Natcoin,NTC,0.928768,49216.7,?,1.71%,-29.59%,-4.13%
DecentBet,DBET,0.183461,48352.1,?,-8.18%,14.18%,
Everus,EVR,4.0662,47413.5,?,-1.07%,0.13%,-10.16%
Golos Gold,GBG,0.0991753,45136.3,?,-1.27%,1.12%,-6.51%
Qvolta,QVT,0.192969,44199.8,?,0.37%,-11.80%,-20.89%
AlpaCoin,APC,0.0435706,42042.6,?,-0.95%,66.05%,1127.91%
Etherparty,FUEL,0.0391211,40752.6,?,5.42%,1.47%,2.44%
BOScoin,BOS,1.28645,38647.3,?,-1.20%,9.19%,-1.44%
UG Token,UGT,0.31942,36684.2,?,-2.81%,-6.77%,-7.27%
Delphy,DPY,0.801236,33658.5,?,6.36%,6.24%,-2.04%
ICON,ICX,1.01672,33125.9,?,3.95%,8.70%,-10.92%
BitSoar,BSR,0.137936,31299.9,?,-1.25%,10.67%,15.03%
TerraNova,TER,3.46158,28637.2,?,-1.86%,0.19%,9.92%
Desire,DSR,0.482418,25141.1,?,-0.14%,-2.53%,-12.06%
GulfCoin,MGC,0.00364494,24242.4,?,-6.73%,0.53%,-36.21%
SIGMAcoin,SIGMA,0.0427726,23347.8,?,0.32%,-0.10%,8.17%
Oxycoin,OXY,0.139754,20013.4,?,-0.43%,0.85%,
Macro,MCR,2.15023,18645.0,?,2.59%,9.02%,-15.72%
Xenon,XNN,0.0142255,18309.6,?,1.49%,-8.88%,-1.45%
VPNCoin,VASH,0.0044311,16442.6,?,-1.25%,-0.54%,
DeusCoin,DEUS,0.414665,16332.2,?,-2.27%,5.66%,-10.89%
TeslaCoilCoin,TESLA,2.94697,15406.2,?,-1.14%,6.93%,105.34%
Mercury Protocol,GMT,0.043551,15116.2,?,-4.41%,-3.73%,84.67%
T-coin,TCOIN,0.000256199,14919.2,?,-11.40%,15.64%,101.95%
Russian Minin...,RMC,8628.41,13172.0,?,-1.25%,-1.87%,-2.70%
LiteCoin Gold,LTG,0.00278224,12792.1,?,-3.25%,6.45%,-30.34%
Bitbase,BTBc,0.00914808,11915.1,?,-2.01%,0.36%,-75.49%
BuzzCoin,BUZZ,0.000322346,11740.7,?,7.46%,12.83%,20.78%
ATMCoin,ATMC,1.41121,11459.7,?,-0.08%,6.94%,-5.10%
Vulcano,VULC,0.00760586,10312.8,?,-1.25%,-25.01%,-65.24%
Chronologic,DAY,4.5477,9460.57,?,0.18%,-0.19%,6.80%
Blockpool,BPL,0.214417,9378.93,?,-1.25%,8.15%,
High Gain,HIGH,0.00157233,8909.14,?,-3.69%,1.57%,-73.82%
CORION,COR,0.774954,7197.16,?,4.79%,22.47%,10.50%
Sand Coin,SND,0.822549,6875.53,?,0.44%,19.80%,19.05%
Crystal Clear,CCT,0.438733,6676.8,?,-0.69%,2.86%,-15.75%
9COIN,9COIN,0.00300171,6279.99,?,-5.73%,35.98%,-21.51%
Bastonet,BSN,0.00107204,5846.85,?,-4.33%,31.31%,-29.00%
Bitcoin Silver,BTCS,0.00243771,5805.22,?,-16.90%,-24.83%,-27.55%
iBTC,IBTC,0.00956526,5595.31,?,-4.59%,-0.77%,-21.40%
Ethereum Lite,ELITE,0.0967547,4874.45,?,0.48%,7.73%,-18.92%
DFSCoin,DFS,0.0111602,4559.33,?,0.45%,13.32%,45.33%
Pabyosi Coin ...,PCS,0.057247,4473.08,?,-1.20%,-11.70%,-30.01%
Paccoin,PAC,4.16265e-07,4172.99,?,-2.93%,9.36%,20.01%
TIES Network,TIE,0.14773,4005.16,?,19.35%,-9.94%,
Zilbercoin,ZBC,0.0477037,3885.07,?,-1.19%,30.94%,15.29%
Smart Investm...,SIFT,3.19149,3749.84,?,0.21%,-0.66%,-5.64%
eUSD,EUSD,0.00129963,3502.74,?,148.44%,158.62%,152.65%
BlazerCoin,BLAZR,0.00129613,3355.09,?,-1.20%,16.93%,13.59%
Alphabit,ABC,13.5778,3059.0,?,-1.25%,-5.34%,-12.59%
FORCE,FOR,0.002932,3017.08,?,-0.94%,16.72%,-24.74%
President Joh...,GARY,0.0899799,2864.64,?,-1.25%,9.62%,-38.76%
iQuant,IQT,0.18044,2827.07,?,-1.25%,24.78%,16.57%
First Bitcoin...,BITCF,0.0846912,2807.93,?,-1.25%,21.46%,-38.18%
International...,XID,0.00621784,2746.76,?,-1.14%,11.51%,-19.59%
Bitcoin Unlim...,BTU,165.0,2564.76,?,11.40%,5.88%,-14.45%
Ergo,EFYT,8.94566,2547.14,?,-0.65%,-12.23%,12.32%
STEX,STEX,0.132776,2092.48,?,-1.63%,3.06%,8.85%
StarCash Network,STARS,0.452258,2018.0,?,-2.20%,21.34%,47.85%
Internet of T...,XOT,2135.86,2008.8,?,-1.25%,8.94%,-3.71%
Cheapcoin,CHEAP,0.000357347,1924.43,?,-17.71%,-31.91%,138.96%
EggCoin,EGG,0.0302315,1923.96,?,-1.14%,7.43%,-6.31%
GAY Money,GAY,0.0500534,1827.76,?,-0.55%,63.36%,82.35%
BTCMoon,BTCM,0.00160435,1607.22,?,-23.60%,2.97%,36.48%
President Trump,PRES,0.00350362,1460.95,?,-2.32%,-4.26%,-13.16%
Bubble,BUB,0.0331618,1454.42,?,-13.73%,1.30%,14.25%
FAPcoin,FAP,0.0124357,1418.94,?,-1.25%,10.87%,29.19%
Minex,MINEX,0.042382,1270.06,?,-4.64%,-2.49%,32.08%
Flash,FLASH,0.00436533,1127.01,?,-1.24%,6.57%,-19.33%
WA Space,WA,0.0154374,1061.71,?,-1.25%,8.95%,1.78%
GanjaCoin,MRJA,0.0413808,1050.6,?,-1.20%,70.40%,5.10%
Dutch Coin,DUTCH,0.000428816,1037.8,?,-1.20%,-18.28%,-37.20%
UniversalRoya...,UNRC,0.000752467,784.269,?,-21.35%,-3.10%,-38.69%
AmsterdamCoin,AMS,0.0062523,745.711,?,0.04%,51.43%,40.72%
Happy Creator...,HCC,0.000500286,708.222,?,-1.25%,19.03%,24.66%
eGold,EGOLD,0.00906449,677.781,?,-13.59%,-21.37%,-16.71%
StrongHands,SHND,1.6867e-08,619.051,?,-12.02%,16.10%,-10.21%
Rcoin,RCN,0.000142939,613.616,?,97.71%,22.57%,92.24%
Antimatter,ANTX,7.14341e-05,568.434,?,-1.25%,0.79%,-3.74%
Facecoin,FC,0.00654749,558.346,?,110.05%,108.16%,35.50%
Musiconomi,MCI,0.0639017,535.855,?,-0.66%,38.85%,-36.17%
AdCoin,ACC,0.0838443,476.47,?,-5.35%,-0.01%,-16.92%
Swapcoin,SWP,0.101996,457.666,?,-0.65%,29.02%,22.08%
Wild Crypto,WILD,0.0498673,456.054,?,-21.26%,-0.83%,-35.25%
Quotient,XQN,0.00721841,441.797,?,1.88%,69.29%,16.97%
GoldUnionCoin,GUC,0.128645,428.856,?,-1.25%,37.42%,-38.72%
Regacoin,REGA,0.00221555,422.965,?,-1.20%,12.58%,-26.47%
EtherDoge,EDOGE,3.2902e-07,422.79,?,0.37%,-0.09%,1.91%
India Coin,INDIA,0.000285877,399.181,?,-1.15%,45.27%,-6.79%
Peacecoin,PEC,0.0060749,382.571,?,-1.25%,2.91%,-12.47%
IrishCoin,IRL,0.00200114,365.258,?,-1.20%,5.20%,-6.35%
Primulon,PRIMU,0.000260841,356.658,?,33.88%,29.36%,-31.62%
Protean,PRN,2.56665e-05,347.374,?,-2.05%,43.09%,-59.15%
SnakeEyes,SNAKE,0.0302499,346.845,?,5.30%,-9.38%,-20.06%
Huncoin,HNC,0.00200114,327.947,?,-1.25%,8.94%,-48.23%
BitcoinCashSc...,BCCS,0.00993424,321.612,?,-1.25%,35.11%,-13.41%
BetaCoin,BET,0.00393319,315.513,?,-12.09%,2.80%,75.13%
Dashs,DASHS,0.0303745,301.899,?,-1.25%,8.44%,36.23%
Granite,GRN,0.0111492,293.775,?,-1.25%,20.97%,4.80%
EXRNchain,EXRN,6.5804e-07,285.26,?,-33.15%,-0.10%,-30.57%
Network Token,NTWK,0.00182606,280.325,?,0.37%,64.46%,-43.39%
Avoncoin,ACN,0.000357347,279.863,?,-1.25%,13.86%,5.13%
Wi Coin,WIC,0.00322569,259.319,?,-0.99%,0.94%,-11.04%
Runners,RUNNERS,0.000285877,246.923,?,-1.20%,8.95%,4.79%
Fazzcoin,FAZZ,0.00652845,237.676,?,-0.79%,-39.25%,207.96%
Halloween Coin,HALLO,0.000142939,229.013,?,-1.20%,78.53%,-3.88%
XTD Coin,XTD,7.14694e-05,223.382,?,-1.20%,8.95%,-3.74%
Moneta,MONETA,0.000357347,220.342,?,48.09%,8.95%,-3.88%
LAthaan,LTH,0.000428816,215.404,?,,-27.37%,
netBit,NBIT,0.0348137,213.606,?,-1.25%,8.30%,108.79%
Blockchain Index,BLX,1.85238,205.637,?,0.28%,1.04%,19.34%
Voyacoin,VOYA,1.67002,202.1,?,-1.26%,5.63%,-26.79%
LandCoin,LDCN,0.00109973,199.046,?,-1.15%,16.12%,-15.04%
eREAL,EREAL,0.000526432,193.464,?,5.97%,-0.09%,-3.12%
BatCoin,BAT,1.88384e-06,170.026,?,-1.34%,2.24%,-21.06%
RabbitCoin,RBBT,1.75341e-06,166.856,?,-1.59%,-5.56%,-22.41%
Rupaya [OLD],RUPX,0.00714694,161.195,?,-88.14%,171.27%,-45.16%
TurboCoin,TURBO,7.14694e-05,143.653,?,-1.25%,9.08%,-3.88%
Sharkcoin,SAK,0.0018582,140.639,?,-1.20%,5.20%,-13.45%
EncryptoTel [...,ETT,0.0443653,133.984,?,-21.11%,-21.31%,-61.78%
Yescoin,YES,4.29112e-05,133.006,?,-0.20%,-33.73%,337.13%
eBIT,EBIT,0.00164115,123.382,?,61.50%,-1.47%,70.26%
Lazaruscoin,LAZ,0.00157233,122.563,?,-1.25%,4.22%,-22.74%
Aces,ACES,0.000253584,111.874,?,33.12%,163.39%,
Yellow Token,YEL,0.0105286,100.022,?,0.37%,-52.60%,-48.76%
BestChain,BEST,0.00112849,97.9934,?,-1.25%,16.63%,25.06%
Motocoin,MOTO,0.00308685,85.2084,?,-4.29%,-66.42%,-69.71%
Cyder,CYDER,0.000428816,84.7707,?,-1.25%,30.74%,-52.51%
FireFlyCoin,FFC,7.14694e-05,84.4399,?,-1.20%,8.95%,-6.62%
ECC,ECC,0.000214408,81.7004,?,9.19%,9.94%,-22.39%
10M Token,10MT,0.00275228,81.2679,?,0.37%,-3.37%,-24.64%
BITFID,FID,0.0714694,79.5933,?,-1.25%,-45.53%,-51.94%
LePen,LEPEN,7.15104e-05,73.4832,?,-1.25%,-13.56%,-3.84%
ZSEcoin,ZSE,0.00671279,73.4588,?,-14.82%,-25.28%,-41.70%
UtaCoin,UTA,0.00135792,72.9983,?,-1.25%,,19.48%
MoneyCoin,MONEY,7.14694e-05,71.4694,?,-1.25%,,-3.88%
NamoCoin,NAMO,8.69075e-05,69.8391,?,-0.44%,-17.68%,-7.70%
Wink,WINK,0.000285443,66.4416,?,-1.25%,39.86%,53.38%
DeltaCredits,DCRE,0.183676,64.8176,?,-1.20%,8.90%,-4.72%
Coupecoin,COUPE,6.11284e-05,60.137,?,-7.82%,148.66%,525.98%
AvatarCoin,AV,0.0202973,59.894,?,-4.49%,,-4.22%
XDE II,XDE2,3.21169,59.2024,?,-1.25%,0.62%,-26.02%
Sakuracoin,SKR,0.000843047,51.5956,?,5.83%,-2.00%,-16.66%
FlappyCoin,FLAP,1.25318e-06,50.1707,?,-0.68%,8.32%,-77.00%
Operand,OP,0.000786163,49.8527,?,8.63%,19.35%,
SafeCoin,SFE,7.14694e-05,49.083,?,-1.25%,8.94%,-3.88%
PeepCoin,PCN,2.09918e-06,48.1263,?,2.66%,-71.99%,-96.45%
Topaz Coin,TOPAZ,0.0449268,41.0501,?,-1.25%,5.21%,-36.40%
Elacoin,ELC,0.0596769,40.5027,?,-1.20%,-2.34%,-49.53%
RoyalCoin,ROYAL,0.00278731,38.7338,?,-1.25%,5.94%,-31.53%
MarxCoin,MARX,0.000928748,36.3292,?,-1.25%,1.68%,-19.88%
RubleBit,RUBIT,0.00264437,34.8436,?,-4.86%,11.97%,-1.74%
Aseancoin,ASN,0.0016438,34.3963,?,-1.20%,-19.16%,-3.90%
First Bitcoin,BIT,0.0125071,33.5791,?,-1.20%,0.77%,-8.08%
Bitcedi,BXC,0.00150247,31.8381,?,-1.35%,20.60%,7.61%
Golfcoin,GOLF,7.14694e-05,28.5877,?,-1.14%,8.95%,-3.84%
Wowcoin,WOW,0.000113654,28.4929,?,37.73%,45.38%,31.52%
UR,UR,0.000502731,28.3243,?,-1.24%,-23.23%,-33.54%
TodayCoin,TODAY,0.000643224,27.9035,?,-1.25%,8.94%,8.14%
HODL Bucks,HDLB,0.0604631,27.4954,?,-1.25%,8.57%,11.96%
EDRCoin,EDRC,0.0362372,26.8688,?,-8.30%,10.95%,-2.37%
X2,X2,0.000142939,23.4834,?,-1.20%,8.95%,86.42%
Birds,BIRDS,0.000142939,22.9811,?,-1.20%,8.96%,28.83%
PinkDog,PDG,0.000214408,22.2981,?,-1.25%,8.95%,47.26%
MMXVI,MMXVI,0.00235849,21.5936,?,-1.25%,1.46%,-17.06%
Tyrocoin,TYC,0.0107919,21.4408,?,-1.25%,-60.83%,-74.85%
WeAreSatoshi,WSX,0.00142939,20.4961,?,-1.25%,11.26%,12.23%
GoldMaxCoin,GMX,0.00357347,19.8526,?,-1.20%,240.45%,469.26%
eLTC,ELTC2,3.61922e-05,19.4122,?,0.37%,-47.67%,-33.90%
Bitok,BITOK,2.89704e-05,17.4898,?,-1.36%,135.66%,-38.75%
Cash Poker Pro,CASH,0.0698904,17.438,?,0.28%,0.57%,-27.37%
Animecoin,ANI,0.000142939,17.2934,?,-1.20%,8.94%,-3.88%
Skeincoin,SKC,0.0044311,16.7506,?,-1.93%,12.17%,114.40%
Royalties,XRY,0.060749,16.3713,?,-1.25%,17.98%,53.88%
Safe Trade Coin,XSTC,0.000142939,15.7233,?,97.50%,117.89%,
Hyper,HYPER,0.0223699,15.3529,?,-1.14%,6.93%,
SHACoin,SHA,0.000500286,15.3022,?,-1.25%,-4.67%,-53.26%
FutCoin,FUTC,0.00228702,13.4334,?,-1.20%,39.15%,-18.53%
Cubits,QBT,0.000718421,13.0386,?,-1.36%,9.53%,-22.73%
Bongger,BGR,5.95456e-05,10.4921,?,-0.64%,,
Cashme,CME,7.14694e-05,9.0393,?,-1.14%,,-1.95%
OCOW,OCOW,0.00343053,8.59441,?,-1.25%,8.50%,
MobileCash,MBL,0.000285877,7.96983,?,-1.25%,8.95%,-3.88%
The Vegan Ini...,XVE,0.000214408,7.25121,?,-1.25%,-34.63%,-26.64%
PokeCoin,POKE,0.000214408,7.19747,?,-1.25%,,189.94%
Advanced Inte...,AIB,0.00277011,6.26379,?,-1.20%,22.85%,-29.64%
Axiom,AXIOM,0.0110778,6.22169,?,-1.20%,8.94%,-5.08%
Donationcoin,DON,0.000426772,6.14771,?,17.98%,30.11%,-4.41%
Tellurion,TELL,0.000100057,5.3602,?,-1.25%,-60.88%,-65.56%
Xaucoin,XAU,0.0162235,4.64258,?,-1.20%,,-32.66%
CyberCoin,CC,7.14694e-05,3.86192,?,-1.20%,8.95%,-51.69%
GameLeagueCoin,GML,0.00736134,3.73706,?,-1.20%,,
DarkLisk,DISK,0.000643224,3.45733,?,-1.14%,40.08%,
Pirate Blocks,SKULL,0.00202164,2.54066,?,-1.25%,18.53%,15.79%
InvisibleCoin,IVZ,0.186035,2.23242,?,-1.20%,8.97%,10.12%
Wowecoin,WEC,0.11,2.2,?,0.00%,0.00%,-0.90%
microCoin,MRC,7.14694e-05,1.92967,?,-1.50%,,-3.88%
Tattoocoin (L...,TLE,0.20526,1.57233,?,-1.20%,,622.81%
UNCoin,UNC,7.14694e-05,1.5695,?,-1.25%,8.94%,-3.88%
Clinton,CLINT,0.00843339,0.927672,?,-1.25%,,-17.81%
TopCoin,TOP,0.000500286,0.8504,?,-1.15%,8.95%,16.07%
SportsCoin,SPORT,0.000500286,0.787735,?,-1.25%,8.96%,-10.73%
TeamUp,TEAM,0.000214408,0.7758,?,-1.25%,,
Magnetcoin,MAGN,0.485063,0.485063,?,-1.20%,6.00%,12.98%
Fonziecoin,FONZ,0.000428816,0.395649,?,-1.25%,30.75%,14.09%
Qora,QORA,0.148093,0.294705,?,0.01%,-8.28%,11.58%
BitCentavo,NBE,4.11702e-07,0.0823401,?,-1.01%,,-66.93%
AsicCoin,ASC,0.000313398,0.0435198,?,-0.67%,-57.52%,144.23%
VegasCoin,VGC,0.000126167,5.04667e-05,?,-2.71%,8.26%,-34.83%
Karmacoin,KARMA,7.15113e-05,0.0,?,,9.01%,
Quebecoin,QBC,0.00124417,0.0,?,,5.37%,-3.39%
Sync,SYNC,306.264,0.0,?,-0.14%,9.83%,6.12%
TrickyCoin,TRICK,0.00685163,0.0,?,,,-35.54%
ShellCoin,SHELL,0.0166099,0.0,?,,8.67%,-4.13%
Dubstep,DUB,0.00131496,0.0,?,,0.23%,
Cycling Coin,CYC,0.00101174,0.0,?,-0.15%,10.16%,
Opescoin,OPES,0.00171806,0.0,?,,0.73%,
BitAlphaCoin,BAC,0.00259192,0.0,?,,,-13.63%
Psilocybin,PSY,0.0122908,0.0,?,,0.73%,
PayPeer,PAYP,6.83759e-05,0.0,?,,4.23%,-8.04%
TheCreed,TCR,0.000305352,0.0,?,,,
SoulCoin,SOUL,6.4963e-05,0.0,?,,,
RichCoin,RICHX,0.00393883,0.0,?,,,-37.57%
PrismChain,PRM,0.000741739,0.0,?,,,
Digital Bulli...,DBG,0.00392438,0.0,?,,6.82%,-7.41%
LinkedCoin,LKC,0.000131647,0.0,?,,,-11.31%
FrankyWillCoin,FRWC,0.00262466,0.0,?,,5.30%,-0.54%
UGAIN,GAIN,0.000552233,0.0,?,,5.23%,-32.78%
Omicron,OMC,0.0780756,0.0,?,,5.98%,-34.30%
CBD Crystals,CBD,0.00115954,0.0,?,,,-25.74%
Global Busine...,GBRC,6.46723e-05,0.0,?,,,
AxFunds,AXF,0.0294091,0.0,?,,,
KashhCoin,KASHH,2.2432e-05,0.0,?,,54.98%,11.74%
TeraCoin,TERA,6.46141e-05,0.0,?,,,
Mavro,MAVRO,0.00899678,0.0,?,0.31%,10.60%,-1.63%
RHFCoin,RHFC,0.000823999,0.0,?,,4.68%,0.75%
AMIS,AMIS,312.516,0.0,?,,,-99.16%
BIXC,BIXC,2.773,0.0,?,,5.43%,-13.52%
PiCoin,PI,0.00108804,0.0,?,,3.66%,
ZenGold,ZENGOLD,0.154205,0.0,?,,9.09%,59.63%
PeopleCoin,MEN,6.43205e-05,0.0,?,,,-13.49%
Etherx,ETX,0.969212,0.0,?,,,-45.97%
Excelcoin,EXL,0.000137594,0.0,?,,,-62.90%
KexCoin,KEXCOIN,13.6517,0.0,?,,-0.48%,-27.02%
MergeCoin,MGC,?,None,?,,,
Aureus,AURS,13.7233,None,?,,,-18.76%
Coimatic 3.0,CTIC3,22.4431,None,?,,,-3.15%
